LOCATION,INDICATOR,SUBJECT,MEASURE,FREQUENCY,TIME,Value,Flag Codes
AUS,INFRAINVEST,RAIL,EUR,A,2014,4320269258,
AUS,INFRAINVEST,RAIL,EUR,A,2015,2796273622,
AUS,INFRAINVEST,RAIL,EUR,A,2016,2563852636,
AUS,INFRAINVEST,RAIL,EUR,A,2017,3825342110,
AUS,INFRAINVEST,RAIL,EUR,A,2018,5025635393,
AUS,INFRAINVEST,ROAD,EUR,A,2014,10438895604,
AUS,INFRAINVEST,ROAD,EUR,A,2015,10457074593,
AUS,INFRAINVEST,ROAD,EUR,A,2016,11863364267,
AUS,INFRAINVEST,ROAD,EUR,A,2017,13676319910,
AUS,INFRAINVEST,ROAD,EUR,A,2018,14717863171,
AUT,INFRAINVEST,RAIL,EUR,A,2014,1567000000,
AUT,INFRAINVEST,RAIL,EUR,A,2015,1549000000,
AUT,INFRAINVEST,RAIL,EUR,A,2016,1523000000,
AUT,INFRAINVEST,RAIL,EUR,A,2017,1552000000,
AUT,INFRAINVEST,RAIL,EUR,A,2018,1682000000,
AUT,INFRAINVEST,ROAD,EUR,A,2014,453000000,
AUT,INFRAINVEST,ROAD,EUR,A,2015,455000000,
AUT,INFRAINVEST,ROAD,EUR,A,2016,444000000,
AUT,INFRAINVEST,ROAD,EUR,A,2017,515000000,
AUT,INFRAINVEST,ROAD,EUR,A,2018,463000000,
BEL,INFRAINVEST,RAIL,EUR,A,2014,1107978558,B
BEL,INFRAINVEST,RAIL,EUR,A,2015,1005993900,
BEL,INFRAINVEST,RAIL,EUR,A,2016,959083668.6,
BEL,INFRAINVEST,RAIL,EUR,A,2017,880000000,
BEL,INFRAINVEST,ROAD,EUR,A,2014,417000000,
BEL,INFRAINVEST,ROAD,EUR,A,2015,778000000,P
BEL,INFRAINVEST,ROAD,EUR,A,2016,810000000,
BEL,INFRAINVEST,ROAD,EUR,A,2017,655906000,P
CAN,INFRAINVEST,RAIL,EUR,A,2014,962574135.9,
CAN,INFRAINVEST,RAIL,EUR,A,2015,1065180587,
CAN,INFRAINVEST,RAIL,EUR,A,2016,796508456.1,
CAN,INFRAINVEST,RAIL,EUR,A,2017,918464900.3,
CAN,INFRAINVEST,RAIL,EUR,A,2018,1081557966,P
CAN,INFRAINVEST,ROAD,EUR,A,2014,5108668220,B
CAN,INFRAINVEST,ROAD,EUR,A,2015,7214836462,
CAN,INFRAINVEST,ROAD,EUR,A,2016,7042672778,
CAN,INFRAINVEST,ROAD,EUR,A,2017,7481340454,
CAN,INFRAINVEST,ROAD,EUR,A,2018,6578805867,P
CZE,INFRAINVEST,RAIL,EUR,A,2014,454245019.2,
CZE,INFRAINVEST,RAIL,EUR,A,2015,1164925783,
CZE,INFRAINVEST,RAIL,EUR,A,2016,681496031,
CZE,INFRAINVEST,RAIL,EUR,A,2017,565612750.3,
CZE,INFRAINVEST,RAIL,EUR,A,2018,741057048.5,
CZE,INFRAINVEST,ROAD,EUR,A,2014,604013684,
CZE,INFRAINVEST,ROAD,EUR,A,2015,885358255.5,
CZE,INFRAINVEST,ROAD,EUR,A,2016,849231713.9,
CZE,INFRAINVEST,ROAD,EUR,A,2017,984191254.7,
CZE,INFRAINVEST,ROAD,EUR,A,2018,1044764479,
DNK,INFRAINVEST,RAIL,EUR,A,2014,1159371688,
DNK,INFRAINVEST,RAIL,EUR,A,2015,1308422492,
DNK,INFRAINVEST,RAIL,EUR,A,2016,1185026997,
DNK,INFRAINVEST,RAIL,EUR,A,2017,1228171589,
DNK,INFRAINVEST,RAIL,EUR,A,2018,1351365856,
DNK,INFRAINVEST,ROAD,EUR,A,2014,1101557365,
DNK,INFRAINVEST,ROAD,EUR,A,2015,1086396911,
DNK,INFRAINVEST,ROAD,EUR,A,2016,1099470814,
DNK,INFRAINVEST,ROAD,EUR,A,2017,1065643190,
DNK,INFRAINVEST,ROAD,EUR,A,2018,1083963935,
FIN,INFRAINVEST,RAIL,EUR,A,2014,643000000,
FIN,INFRAINVEST,RAIL,EUR,A,2015,567000000,
FIN,INFRAINVEST,RAIL,EUR,A,2016,537000000,
FIN,INFRAINVEST,RAIL,EUR,A,2017,521000000,
FIN,INFRAINVEST,RAIL,EUR,A,2018,491000000,
FIN,INFRAINVEST,ROAD,EUR,A,2014,1238000000,
FIN,INFRAINVEST,ROAD,EUR,A,2015,1243000000,
FIN,INFRAINVEST,ROAD,EUR,A,2016,1178000000,
FIN,INFRAINVEST,ROAD,EUR,A,2017,1235000000,
FIN,INFRAINVEST,ROAD,EUR,A,2018,1526000000,
FRA,INFRAINVEST,RAIL,EUR,A,2014,8921881000,
FRA,INFRAINVEST,RAIL,EUR,A,2015,8576194000,
FRA,INFRAINVEST,RAIL,EUR,A,2016,8614650000,
FRA,INFRAINVEST,RAIL,EUR,A,2017,9334770000,
FRA,INFRAINVEST,RAIL,EUR,A,2018,9901590000,
FRA,INFRAINVEST,ROAD,EUR,A,2014,10807203024,
FRA,INFRAINVEST,ROAD,EUR,A,2015,10011226322,
FRA,INFRAINVEST,ROAD,EUR,A,2016,9169000000,
FRA,INFRAINVEST,ROAD,EUR,A,2017,9084000000,
FRA,INFRAINVEST,ROAD,EUR,A,2018,9630130000,
DEU,INFRAINVEST,RAIL,EUR,A,2014,5543000000,
DEU,INFRAINVEST,RAIL,EUR,A,2015,5541000000,
DEU,INFRAINVEST,RAIL,EUR,A,2016,5192000000,
DEU,INFRAINVEST,RAIL,EUR,A,2017,5711000000,
DEU,INFRAINVEST,RAIL,EUR,A,2018,6145000000,
DEU,INFRAINVEST,ROAD,EUR,A,2014,12590000000,
DEU,INFRAINVEST,ROAD,EUR,A,2015,12160000000,
DEU,INFRAINVEST,ROAD,EUR,A,2016,12870000000,
DEU,INFRAINVEST,ROAD,EUR,A,2017,14240000000,
DEU,INFRAINVEST,ROAD,EUR,A,2018,15630000000,
GRC,INFRAINVEST,RAIL,EUR,A,2014,180605280.5,E
GRC,INFRAINVEST,RAIL,EUR,A,2015,220250025.7,E
GRC,INFRAINVEST,RAIL,EUR,A,2016,307757694.6,E
GRC,INFRAINVEST,RAIL,EUR,A,2017,227091679.2,E
GRC,INFRAINVEST,ROAD,EUR,A,2014,1597943957,E
GRC,INFRAINVEST,ROAD,EUR,A,2015,1385201658,E
GRC,INFRAINVEST,ROAD,EUR,A,2016,2843430923,E
GRC,INFRAINVEST,ROAD,EUR,A,2017,4101243142,E
HUN,INFRAINVEST,RAIL,EUR,A,2014,626656305.2,
HUN,INFRAINVEST,RAIL,EUR,A,2015,701286715.8,
HUN,INFRAINVEST,RAIL,EUR,A,2016,323165093.4,
HUN,INFRAINVEST,RAIL,EUR,A,2017,556053318.7,
HUN,INFRAINVEST,RAIL,EUR,A,2018,803129312.3,
HUN,INFRAINVEST,ROAD,EUR,A,2014,1238414974,
HUN,INFRAINVEST,ROAD,EUR,A,2015,1247677055,
HUN,INFRAINVEST,ROAD,EUR,A,2016,802745135.8,
HUN,INFRAINVEST,ROAD,EUR,A,2017,1280382187,
HUN,INFRAINVEST,ROAD,EUR,A,2018,1780313937,
ISL,INFRAINVEST,RAIL,EUR,A,2014,,M
ISL,INFRAINVEST,RAIL,EUR,A,2015,,M
ISL,INFRAINVEST,RAIL,EUR,A,2016,,M
ISL,INFRAINVEST,RAIL,EUR,A,2017,,M
ISL,INFRAINVEST,RAIL,EUR,A,2018,,M
ISL,INFRAINVEST,ROAD,EUR,A,2014,45289831.68,
ISL,INFRAINVEST,ROAD,EUR,A,2015,67402002.65,
ISL,INFRAINVEST,ROAD,EUR,A,2016,74669206.22,
ISL,INFRAINVEST,ROAD,EUR,A,2017,91030934.25,
ISL,INFRAINVEST,ROAD,EUR,A,2018,99401538.99,
IRL,INFRAINVEST,ROAD,EUR,A,2014,638000000,
IRL,INFRAINVEST,ROAD,EUR,A,2015,612000000,
ITA,INFRAINVEST,RAIL,EUR,A,2014,4742000000,
ITA,INFRAINVEST,RAIL,EUR,A,2015,2861000000,
ITA,INFRAINVEST,RAIL,EUR,A,2016,3524000000,P
ITA,INFRAINVEST,ROAD,EUR,A,2014,3860000000,
ITA,INFRAINVEST,ROAD,EUR,A,2015,5151000000,
ITA,INFRAINVEST,ROAD,EUR,A,2016,3511000000,P
ITA,INFRAINVEST,ROAD,EUR,A,2017,3409000000,
JPN,INFRAINVEST,RAIL,EUR,A,2014,8644266433,
JPN,INFRAINVEST,RAIL,EUR,A,2015,8880164753,
JPN,INFRAINVEST,RAIL,EUR,A,2016,9174734997,
JPN,INFRAINVEST,ROAD,EUR,A,2014,29831860730,
JPN,INFRAINVEST,ROAD,EUR,A,2015,28143419695,
JPN,INFRAINVEST,ROAD,EUR,A,2016,33274763980,
JPN,INFRAINVEST,ROAD,EUR,A,2017,31577903148,
KOR,INFRAINVEST,RAIL,EUR,A,2014,6175554277,
KOR,INFRAINVEST,RAIL,EUR,A,2015,8589265413,
KOR,INFRAINVEST,ROAD,EUR,A,2014,10904580720,
KOR,INFRAINVEST,ROAD,EUR,A,2015,13174242665,
LUX,INFRAINVEST,RAIL,EUR,A,2014,191503382,
LUX,INFRAINVEST,RAIL,EUR,A,2015,277740939,
LUX,INFRAINVEST,RAIL,EUR,A,2016,317180624,
LUX,INFRAINVEST,RAIL,EUR,A,2017,289998924,
LUX,INFRAINVEST,RAIL,EUR,A,2018,263917942,
LUX,INFRAINVEST,ROAD,EUR,A,2014,215135796.5,
LUX,INFRAINVEST,ROAD,EUR,A,2015,226610520.8,
LUX,INFRAINVEST,ROAD,EUR,A,2016,214564133.1,
LUX,INFRAINVEST,ROAD,EUR,A,2017,207836518.4,
LUX,INFRAINVEST,ROAD,EUR,A,2018,180379732,
MEX,INFRAINVEST,RAIL,EUR,A,2014,997829712.9,
MEX,INFRAINVEST,RAIL,EUR,A,2015,1150139166,
MEX,INFRAINVEST,RAIL,EUR,A,2016,1355875508,
MEX,INFRAINVEST,RAIL,EUR,A,2017,1652722896,
MEX,INFRAINVEST,ROAD,EUR,A,2014,4883321834,
MEX,INFRAINVEST,ROAD,EUR,A,2015,4296270671,
MEX,INFRAINVEST,ROAD,EUR,A,2016,3383341765,
MEX,INFRAINVEST,ROAD,EUR,A,2017,2161424639,
NZL,INFRAINVEST,ROAD,EUR,A,2014,911765384.4,
NZL,INFRAINVEST,ROAD,EUR,A,2015,1034296127,
NZL,INFRAINVEST,ROAD,EUR,A,2016,1005213679,
NZL,INFRAINVEST,ROAD,EUR,A,2017,943127166.2,
NZL,INFRAINVEST,ROAD,EUR,A,2018,1057955558,
NOR,INFRAINVEST,RAIL,EUR,A,2014,1218297806,
NOR,INFRAINVEST,RAIL,EUR,A,2015,1281411812,
NOR,INFRAINVEST,RAIL,EUR,A,2016,1460608865,
NOR,INFRAINVEST,RAIL,EUR,A,2017,1345217932,
NOR,INFRAINVEST,RAIL,EUR,A,2018,1400224986,
NOR,INFRAINVEST,ROAD,EUR,A,2014,3804023890,
NOR,INFRAINVEST,ROAD,EUR,A,2015,3559166601,
NOR,INFRAINVEST,ROAD,EUR,A,2016,3383300871,
NOR,INFRAINVEST,ROAD,EUR,A,2017,3717706837,
POL,INFRAINVEST,RAIL,EUR,A,2014,53052933.44,
POL,INFRAINVEST,RAIL,EUR,A,2015,340441809.3,
POL,INFRAINVEST,RAIL,EUR,A,2016,326565221.4,
POL,INFRAINVEST,RAIL,EUR,A,2017,510302375.3,
POL,INFRAINVEST,RAIL,EUR,A,2018,461906773.7,
POL,INFRAINVEST,ROAD,EUR,A,2014,1721113634,
POL,INFRAINVEST,ROAD,EUR,A,2015,2170794683,
POL,INFRAINVEST,ROAD,EUR,A,2016,3075442295,
POL,INFRAINVEST,ROAD,EUR,A,2017,3209595188,
POL,INFRAINVEST,ROAD,EUR,A,2018,2668638220,
PRT,INFRAINVEST,RAIL,EUR,A,2014,120000000,
PRT,INFRAINVEST,RAIL,EUR,A,2015,177000000,
PRT,INFRAINVEST,RAIL,EUR,A,2016,79000000,
PRT,INFRAINVEST,RAIL,EUR,A,2017,110000000,
PRT,INFRAINVEST,RAIL,EUR,A,2018,132000000,
SVK,INFRAINVEST,RAIL,EUR,A,2014,276000000,
SVK,INFRAINVEST,RAIL,EUR,A,2015,295500000,
SVK,INFRAINVEST,RAIL,EUR,A,2016,131600000,
SVK,INFRAINVEST,RAIL,EUR,A,2017,231100000,
SVK,INFRAINVEST,RAIL,EUR,A,2018,279400000,
SVK,INFRAINVEST,ROAD,EUR,A,2014,550000000,
SVK,INFRAINVEST,ROAD,EUR,A,2015,1133782000,
SVK,INFRAINVEST,ROAD,EUR,A,2016,751418000,
SVK,INFRAINVEST,ROAD,EUR,A,2017,749613000,
SVK,INFRAINVEST,ROAD,EUR,A,2018,768840000,
ESP,INFRAINVEST,RAIL,EUR,A,2014,3042000000,
ESP,INFRAINVEST,RAIL,EUR,A,2015,2613000000,
ESP,INFRAINVEST,RAIL,EUR,A,2016,1657000000,
ESP,INFRAINVEST,RAIL,EUR,A,2017,2215000000,
ESP,INFRAINVEST,RAIL,EUR,A,2018,2102000000,P
ESP,INFRAINVEST,ROAD,EUR,A,2014,4358000000,
ESP,INFRAINVEST,ROAD,EUR,A,2015,4259000000,
ESP,INFRAINVEST,ROAD,EUR,A,2016,3880000000,
ESP,INFRAINVEST,ROAD,EUR,A,2017,3690000000,
ESP,INFRAINVEST,ROAD,EUR,A,2018,3512000000,P
SWE,INFRAINVEST,RAIL,EUR,A,2014,1480713210,
SWE,INFRAINVEST,RAIL,EUR,A,2015,1630006949,B
SWE,INFRAINVEST,RAIL,EUR,A,2016,1501653058,
SWE,INFRAINVEST,RAIL,EUR,A,2017,1524982100,
SWE,INFRAINVEST,RAIL,EUR,A,2018,1352257549,
SWE,INFRAINVEST,ROAD,EUR,A,2014,1864811089,
SWE,INFRAINVEST,ROAD,EUR,A,2015,1861457053,
SWE,INFRAINVEST,ROAD,EUR,A,2016,2086339294,
SWE,INFRAINVEST,ROAD,EUR,A,2017,2374415009,
SWE,INFRAINVEST,ROAD,EUR,A,2018,2497001960,
CHE,INFRAINVEST,RAIL,EUR,A,2014,3550139964,
CHE,INFRAINVEST,RAIL,EUR,A,2015,4193518172,
CHE,INFRAINVEST,RAIL,EUR,A,2016,3835993396,
CHE,INFRAINVEST,RAIL,EUR,A,2017,3120726880,
CHE,INFRAINVEST,RAIL,EUR,A,2018,3078188588,
CHE,INFRAINVEST,ROAD,EUR,A,2014,3647291289,
CHE,INFRAINVEST,ROAD,EUR,A,2015,4225708278,
CHE,INFRAINVEST,ROAD,EUR,A,2016,3968196208,
CHE,INFRAINVEST,ROAD,EUR,A,2017,3930182108,
TUR,INFRAINVEST,RAIL,EUR,A,2014,1380580874,
TUR,INFRAINVEST,RAIL,EUR,A,2015,1080993944,
TUR,INFRAINVEST,RAIL,EUR,A,2016,1718237203,
TUR,INFRAINVEST,RAIL,EUR,A,2017,1732663658,
TUR,INFRAINVEST,ROAD,EUR,A,2014,6643862982,
TUR,INFRAINVEST,ROAD,EUR,A,2015,9056839615,
TUR,INFRAINVEST,ROAD,EUR,A,2016,7329613591,
TUR,INFRAINVEST,ROAD,EUR,A,2017,6138690736,
GBR,INFRAINVEST,RAIL,EUR,A,2014,10306706349,
GBR,INFRAINVEST,RAIL,EUR,A,2015,14665859504,B
GBR,INFRAINVEST,RAIL,EUR,A,2016,13511090487,
GBR,INFRAINVEST,RAIL,EUR,A,2017,13055149509,
GBR,INFRAINVEST,RAIL,EUR,A,2018,13711295208,
GBR,INFRAINVEST,ROAD,EUR,A,2014,7845556796,
GBR,INFRAINVEST,ROAD,EUR,A,2015,9067911846,
GBR,INFRAINVEST,ROAD,EUR,A,2016,8561410429,
GBR,INFRAINVEST,ROAD,EUR,A,2017,9082089706,
GBR,INFRAINVEST,ROAD,EUR,A,2018,8697004973,
USA,INFRAINVEST,RAIL,EUR,A,2014,11347832631,
USA,INFRAINVEST,RAIL,EUR,A,2015,15687635184,
USA,INFRAINVEST,RAIL,EUR,A,2016,12473341768,
USA,INFRAINVEST,RAIL,EUR,A,2017,11480563181,
USA,INFRAINVEST,RAIL,EUR,A,2018,10505289886,
USA,INFRAINVEST,ROAD,EUR,A,2014,62763395545,
USA,INFRAINVEST,ROAD,EUR,A,2015,79307858688,
USA,INFRAINVEST,ROAD,EUR,A,2016,82414603289,
USA,INFRAINVEST,ROAD,EUR,A,2017,81200743824,
USA,INFRAINVEST,ROAD,EUR,A,2018,80744815912,
ALB,INFRAINVEST,RAIL,EUR,A,2014,693109.6328,
ALB,INFRAINVEST,RAIL,EUR,A,2015,549358.1278,
ALB,INFRAINVEST,RAIL,EUR,A,2016,0,
ALB,INFRAINVEST,RAIL,EUR,A,2017,0,
ALB,INFRAINVEST,RAIL,EUR,A,2018,304952.3796,
ALB,INFRAINVEST,ROAD,EUR,A,2014,192720205.2,
ALB,INFRAINVEST,ROAD,EUR,A,2015,179237483.8,
ALB,INFRAINVEST,ROAD,EUR,A,2016,89140668.52,
ALB,INFRAINVEST,ROAD,EUR,A,2017,159051489.9,
ALB,INFRAINVEST,ROAD,EUR,A,2018,169252490.4,
AZE,INFRAINVEST,RAIL,EUR,A,2014,3837666.699,
AZE,INFRAINVEST,RAIL,EUR,A,2015,1762269.804,
AZE,INFRAINVEST,RAIL,EUR,A,2016,1133401.337,
AZE,INFRAINVEST,RAIL,EUR,A,2017,1029813.089,
AZE,INFRAINVEST,RAIL,EUR,A,2018,3485014.438,
AZE,INFRAINVEST,ROAD,EUR,A,2014,1411301928,
AZE,INFRAINVEST,ROAD,EUR,A,2015,873204687.6,
AZE,INFRAINVEST,ROAD,EUR,A,2016,498129887.8,
AZE,INFRAINVEST,ROAD,EUR,A,2017,557128881.1,
AZE,INFRAINVEST,ROAD,EUR,A,2018,695011450.8,
BGR,INFRAINVEST,RAIL,EUR,A,2014,167195009.7,
BGR,INFRAINVEST,RAIL,EUR,A,2015,301155537.4,
BGR,INFRAINVEST,RAIL,EUR,A,2016,153389917.2,
BGR,INFRAINVEST,RAIL,EUR,A,2017,92033950.3,
BGR,INFRAINVEST,RAIL,EUR,A,2018,96124348.09,
BGR,INFRAINVEST,ROAD,EUR,A,2014,563452295.7,
BGR,INFRAINVEST,ROAD,EUR,A,2015,839042846.9,
BGR,INFRAINVEST,ROAD,EUR,A,2016,163104611.9,
BGR,INFRAINVEST,ROAD,EUR,A,2017,115042437.9,
BGR,INFRAINVEST,ROAD,EUR,A,2018,882503323.4,
HRV,INFRAINVEST,RAIL,EUR,A,2014,130720666.4,
HRV,INFRAINVEST,RAIL,EUR,A,2015,60021013.92,
HRV,INFRAINVEST,RAIL,EUR,A,2016,44329418.01,
HRV,INFRAINVEST,RAIL,EUR,A,2017,62563635.39,
HRV,INFRAINVEST,RAIL,EUR,A,2018,99621196.8,
HRV,INFRAINVEST,ROAD,EUR,A,2014,279516936.1,
HRV,INFRAINVEST,ROAD,EUR,A,2015,238376674.5,
HRV,INFRAINVEST,ROAD,EUR,A,2016,197358816.1,
HRV,INFRAINVEST,ROAD,EUR,A,2017,196532876.1,
HRV,INFRAINVEST,ROAD,EUR,A,2018,285517855,
EST,INFRAINVEST,RAIL,EUR,A,2014,15500000,
EST,INFRAINVEST,RAIL,EUR,A,2015,13100000,
EST,INFRAINVEST,RAIL,EUR,A,2016,15400000,
EST,INFRAINVEST,RAIL,EUR,A,2017,14000000,
EST,INFRAINVEST,RAIL,EUR,A,2018,27000000,
EST,INFRAINVEST,ROAD,EUR,A,2014,147660000,
EST,INFRAINVEST,ROAD,EUR,A,2015,185050000,
EST,INFRAINVEST,ROAD,EUR,A,2016,148600000,
EST,INFRAINVEST,ROAD,EUR,A,2017,197000000,
EST,INFRAINVEST,ROAD,EUR,A,2018,219000000,
GEO,INFRAINVEST,RAIL,EUR,A,2014,76544603.55,
GEO,INFRAINVEST,RAIL,EUR,A,2015,88229139.27,
GEO,INFRAINVEST,RAIL,EUR,A,2016,88687246.86,
GEO,INFRAINVEST,RAIL,EUR,A,2017,46852583.57,
GEO,INFRAINVEST,RAIL,EUR,A,2018,54016355.86,
GEO,INFRAINVEST,ROAD,EUR,A,2014,224482580.7,
GEO,INFRAINVEST,ROAD,EUR,A,2015,194100469,
GEO,INFRAINVEST,ROAD,EUR,A,2016,202483164.5,
GEO,INFRAINVEST,ROAD,EUR,A,2017,308175656.6,
GEO,INFRAINVEST,ROAD,EUR,A,2018,402560502.7,
IND,INFRAINVEST,RAIL,EUR,A,2014,8786181249,
IND,INFRAINVEST,RAIL,EUR,A,2015,9643918863,
IND,INFRAINVEST,RAIL,EUR,A,2016,9890866187,
IND,INFRAINVEST,RAIL,EUR,A,2017,10368632929,
IND,INFRAINVEST,ROAD,EUR,A,2014,8717764011,
IND,INFRAINVEST,ROAD,EUR,A,2015,13689845439,
IND,INFRAINVEST,ROAD,EUR,A,2016,12461385189,
LVA,INFRAINVEST,RAIL,EUR,A,2014,136000000,
LVA,INFRAINVEST,RAIL,EUR,A,2015,209000000,
LVA,INFRAINVEST,RAIL,EUR,A,2016,24000000,
LVA,INFRAINVEST,RAIL,EUR,A,2017,22000000,
LVA,INFRAINVEST,RAIL,EUR,A,2018,17200000,
LVA,INFRAINVEST,ROAD,EUR,A,2014,188000000,
LVA,INFRAINVEST,ROAD,EUR,A,2015,203000000,
LVA,INFRAINVEST,ROAD,EUR,A,2016,190000000,
LVA,INFRAINVEST,ROAD,EUR,A,2017,226000000,
LVA,INFRAINVEST,ROAD,EUR,A,2018,221400000,
LIE,INFRAINVEST,RAIL,EUR,A,2014,,M
LIE,INFRAINVEST,RAIL,EUR,A,2015,,M
LIE,INFRAINVEST,RAIL,EUR,A,2016,,M
LIE,INFRAINVEST,RAIL,EUR,A,2017,,M
LIE,INFRAINVEST,RAIL,EUR,A,2018,,M
LTU,INFRAINVEST,RAIL,EUR,A,2014,264000000,
LTU,INFRAINVEST,RAIL,EUR,A,2015,180000000,
LTU,INFRAINVEST,RAIL,EUR,A,2016,70000000,
LTU,INFRAINVEST,RAIL,EUR,A,2017,49000000,
LTU,INFRAINVEST,RAIL,EUR,A,2018,65000000,
LTU,INFRAINVEST,ROAD,EUR,A,2014,224000000,
LTU,INFRAINVEST,ROAD,EUR,A,2015,258000000,
LTU,INFRAINVEST,ROAD,EUR,A,2016,357000000,
LTU,INFRAINVEST,ROAD,EUR,A,2017,345000000,
LTU,INFRAINVEST,ROAD,EUR,A,2018,325000000,
MKD,INFRAINVEST,ROAD,EUR,A,2014,174274591.6,
MKD,INFRAINVEST,ROAD,EUR,A,2015,166327103,
MKD,INFRAINVEST,ROAD,EUR,A,2016,228634923.2,
MKD,INFRAINVEST,ROAD,EUR,A,2017,195062695.8,
MKD,INFRAINVEST,ROAD,EUR,A,2018,156964278.5,
MLT,INFRAINVEST,RAIL,EUR,A,2014,,M
MLT,INFRAINVEST,RAIL,EUR,A,2015,,M
MLT,INFRAINVEST,RAIL,EUR,A,2016,,M
MLT,INFRAINVEST,RAIL,EUR,A,2017,,M
MLT,INFRAINVEST,RAIL,EUR,A,2018,,M
MLT,INFRAINVEST,ROAD,EUR,A,2014,38522824.59,
MDA,INFRAINVEST,RAIL,EUR,A,2014,4511544.721,
MDA,INFRAINVEST,RAIL,EUR,A,2015,4480050.598,
MDA,INFRAINVEST,RAIL,EUR,A,2016,1034257.512,
MDA,INFRAINVEST,RAIL,EUR,A,2017,998114.1401,
MDA,INFRAINVEST,RAIL,EUR,A,2018,1219364.721,P
MDA,INFRAINVEST,ROAD,EUR,A,2014,38885218.78,
MDA,INFRAINVEST,ROAD,EUR,A,2015,51077368.32,
MDA,INFRAINVEST,ROAD,EUR,A,2016,36289737.26,
MDA,INFRAINVEST,ROAD,EUR,A,2017,31287039.39,
MDA,INFRAINVEST,ROAD,EUR,A,2018,33658497.26,
ROU,INFRAINVEST,RAIL,EUR,A,2014,277659023.9,
ROU,INFRAINVEST,RAIL,EUR,A,2015,321920273.6,
ROU,INFRAINVEST,RAIL,EUR,A,2016,262091386.8,
ROU,INFRAINVEST,RAIL,EUR,A,2017,214503031.5,
ROU,INFRAINVEST,RAIL,EUR,A,2018,182853459.4,
ROU,INFRAINVEST,ROAD,EUR,A,2014,2492631011,
ROU,INFRAINVEST,ROAD,EUR,A,2015,2870287051,
ROU,INFRAINVEST,ROAD,EUR,A,2016,2366794335,
ROU,INFRAINVEST,ROAD,EUR,A,2017,2133648521,
ROU,INFRAINVEST,ROAD,EUR,A,2018,2181564246,
RUS,INFRAINVEST,RAIL,EUR,A,2014,6474564075,
RUS,INFRAINVEST,RAIL,EUR,A,2015,5022319785,
RUS,INFRAINVEST,RAIL,EUR,A,2016,4830359080,
RUS,INFRAINVEST,RAIL,EUR,A,2017,3609268307,
RUS,INFRAINVEST,RAIL,EUR,A,2018,4355181801,
RUS,INFRAINVEST,ROAD,EUR,A,2014,8283703463,
RUS,INFRAINVEST,ROAD,EUR,A,2015,6117207705,
RUS,INFRAINVEST,ROAD,EUR,A,2016,7597019773,
RUS,INFRAINVEST,ROAD,EUR,A,2017,8201505914,
RUS,INFRAINVEST,ROAD,EUR,A,2018,7298221094,
SVN,INFRAINVEST,RAIL,EUR,A,2014,270000000,
SVN,INFRAINVEST,RAIL,EUR,A,2015,376000000,
SVN,INFRAINVEST,RAIL,EUR,A,2016,84400000,
SVN,INFRAINVEST,RAIL,EUR,A,2017,100000000,
SVN,INFRAINVEST,RAIL,EUR,A,2018,153000000,
SVN,INFRAINVEST,ROAD,EUR,A,2014,128000000,
SVN,INFRAINVEST,ROAD,EUR,A,2015,102000000,
SVN,INFRAINVEST,ROAD,EUR,A,2016,100000000,
SVN,INFRAINVEST,ROAD,EUR,A,2017,120000000,
SVN,INFRAINVEST,ROAD,EUR,A,2018,219000000,
SRB,INFRAINVEST,RAIL,EUR,A,2014,11773659.08,
SRB,INFRAINVEST,RAIL,EUR,A,2015,83081376.99,
SRB,INFRAINVEST,RAIL,EUR,A,2016,73320275.15,
SRB,INFRAINVEST,RAIL,EUR,A,2017,45021175.53,
SRB,INFRAINVEST,RAIL,EUR,A,2018,68347243.23,P
SRB,INFRAINVEST,ROAD,EUR,A,2014,336982598.9,
SRB,INFRAINVEST,ROAD,EUR,A,2015,505058874.5,
SRB,INFRAINVEST,ROAD,EUR,A,2016,493833379,
SRB,INFRAINVEST,ROAD,EUR,A,2017,506679830.5,
SRB,INFRAINVEST,ROAD,EUR,A,2018,442540366.1,P
BEL,INFRAINVEST,AIR,EUR,A,2014,107000000,
BEL,INFRAINVEST,AIR,EUR,A,2015,127000000,
BEL,INFRAINVEST,AIR,EUR,A,2016,109310000,
BEL,INFRAINVEST,AIR,EUR,A,2017,116282000,
CAN,INFRAINVEST,AIR,EUR,A,2014,1032108528,
CAN,INFRAINVEST,AIR,EUR,A,2015,1053188488,
CAN,INFRAINVEST,AIR,EUR,A,2016,979950900.2,
CAN,INFRAINVEST,AIR,EUR,A,2017,787353182.2,
CAN,INFRAINVEST,AIR,EUR,A,2018,840413017.9,
CZE,INFRAINVEST,AIR,EUR,A,2014,35989511.84,
CZE,INFRAINVEST,AIR,EUR,A,2015,36393622.87,
CZE,INFRAINVEST,AIR,EUR,A,2016,65065731.55,
CZE,INFRAINVEST,AIR,EUR,A,2017,63926281.56,
CZE,INFRAINVEST,AIR,EUR,A,2018,125140876.1,
DNK,INFRAINVEST,AIR,EUR,A,2014,22535513.55,
DNK,INFRAINVEST,AIR,EUR,A,2015,9921432.977,
DNK,INFRAINVEST,AIR,EUR,A,2016,5909689.204,
DNK,INFRAINVEST,AIR,EUR,A,2017,2823073.924,
FIN,INFRAINVEST,AIR,EUR,A,2014,86000000,
FIN,INFRAINVEST,AIR,EUR,A,2015,78866994,
FIN,INFRAINVEST,AIR,EUR,A,2016,183000000,
FIN,INFRAINVEST,AIR,EUR,A,2017,175500000,
FIN,INFRAINVEST,AIR,EUR,A,2018,245400000,
FRA,INFRAINVEST,AIR,EUR,A,2014,390000000,
FRA,INFRAINVEST,AIR,EUR,A,2015,512000000,
FRA,INFRAINVEST,AIR,EUR,A,2016,774000000,
FRA,INFRAINVEST,AIR,EUR,A,2017,801000000,
FRA,INFRAINVEST,AIR,EUR,A,2018,936000000,
DEU,INFRAINVEST,AIR,EUR,A,2014,770000000,
DEU,INFRAINVEST,AIR,EUR,A,2015,850000000,
DEU,INFRAINVEST,AIR,EUR,A,2016,900000000,
DEU,INFRAINVEST,AIR,EUR,A,2017,1110000000,
DEU,INFRAINVEST,AIR,EUR,A,2018,1370000000,
GRC,INFRAINVEST,AIR,EUR,A,2014,52872584.86,E
GRC,INFRAINVEST,AIR,EUR,A,2015,43488564.19,E
GRC,INFRAINVEST,AIR,EUR,A,2016,48776899.02,E
GRC,INFRAINVEST,AIR,EUR,A,2017,27006852.31,E
HUN,INFRAINVEST,AIR,EUR,A,2014,7622778.044,
HUN,INFRAINVEST,AIR,EUR,A,2015,10194998.32,
HUN,INFRAINVEST,AIR,EUR,A,2016,17819438.38,
HUN,INFRAINVEST,AIR,EUR,A,2017,55947922.95,
HUN,INFRAINVEST,AIR,EUR,A,2018,54284064.93,
ISL,INFRAINVEST,AIR,EUR,A,2014,286693.5453,
ISL,INFRAINVEST,AIR,EUR,A,2015,537767.3975,
ISL,INFRAINVEST,AIR,EUR,A,2016,553160.6027,
ISL,INFRAINVEST,AIR,EUR,A,2017,565986.8462,
ISL,INFRAINVEST,AIR,EUR,A,2018,76745.85063,
ITA,INFRAINVEST,AIR,EUR,A,2014,123000000,
ITA,INFRAINVEST,AIR,EUR,A,2015,148000000,
ITA,INFRAINVEST,AIR,EUR,A,2016,71000000,P
ITA,INFRAINVEST,AIR,EUR,A,2017,42000000,
JPN,INFRAINVEST,AIR,EUR,A,2014,1332459141,
JPN,INFRAINVEST,AIR,EUR,A,2015,1365090741,
JPN,INFRAINVEST,AIR,EUR,A,2016,1633298992,
JPN,INFRAINVEST,AIR,EUR,A,2017,1594427779,
JPN,INFRAINVEST,AIR,EUR,A,2018,1809394709,
KOR,INFRAINVEST,AIR,EUR,A,2014,65873111.49,
KOR,INFRAINVEST,AIR,EUR,A,2015,83011255.69,
LUX,INFRAINVEST,AIR,EUR,A,2014,460268,
LUX,INFRAINVEST,AIR,EUR,A,2015,1863808,
LUX,INFRAINVEST,AIR,EUR,A,2016,1060376,
LUX,INFRAINVEST,AIR,EUR,A,2017,11154322,
LUX,INFRAINVEST,AIR,EUR,A,2018,12383061,
MEX,INFRAINVEST,AIR,EUR,A,2014,222228194.7,
MEX,INFRAINVEST,AIR,EUR,A,2015,1573099881,
MEX,INFRAINVEST,AIR,EUR,A,2016,2081614453,
MEX,INFRAINVEST,AIR,EUR,A,2017,1058045441,
NOR,INFRAINVEST,AIR,EUR,A,2014,296465631.8,
NOR,INFRAINVEST,AIR,EUR,A,2015,265273941.2,
NOR,INFRAINVEST,AIR,EUR,A,2016,872297610,
NOR,INFRAINVEST,AIR,EUR,A,2017,662800420.2,
POL,INFRAINVEST,AIR,EUR,A,2014,236826383.1,
POL,INFRAINVEST,AIR,EUR,A,2015,302428994.9,
POL,INFRAINVEST,AIR,EUR,A,2016,69896415.8,
POL,INFRAINVEST,AIR,EUR,A,2017,43934873.01,
POL,INFRAINVEST,AIR,EUR,A,2018,55353706.05,
PRT,INFRAINVEST,AIR,EUR,A,2014,45000000,
PRT,INFRAINVEST,AIR,EUR,A,2015,80000000,
PRT,INFRAINVEST,AIR,EUR,A,2016,66500000,
PRT,INFRAINVEST,AIR,EUR,A,2017,76500000,
PRT,INFRAINVEST,AIR,EUR,A,2018,49000000,
SVK,INFRAINVEST,AIR,EUR,A,2014,5000000,
SVK,INFRAINVEST,AIR,EUR,A,2015,4200000,
SVK,INFRAINVEST,AIR,EUR,A,2016,4800000,
SVK,INFRAINVEST,AIR,EUR,A,2017,3500000,
SVK,INFRAINVEST,AIR,EUR,A,2018,2900000,
ESP,INFRAINVEST,AIR,EUR,A,2014,363000000,
ESP,INFRAINVEST,AIR,EUR,A,2015,293000000,
ESP,INFRAINVEST,AIR,EUR,A,2016,378000000,
ESP,INFRAINVEST,AIR,EUR,A,2017,445000000,
ESP,INFRAINVEST,AIR,EUR,A,2018,617000000,P
SWE,INFRAINVEST,AIR,EUR,A,2014,114654442.7,
SWE,INFRAINVEST,AIR,EUR,A,2015,131273718.5,
SWE,INFRAINVEST,AIR,EUR,A,2016,242835866.6,
SWE,INFRAINVEST,AIR,EUR,A,2017,424721642.9,
SWE,INFRAINVEST,AIR,EUR,A,2018,343092807.6,
CHE,INFRAINVEST,AIR,EUR,A,2014,293923925.6,
CHE,INFRAINVEST,AIR,EUR,A,2015,213563132.3,
CHE,INFRAINVEST,AIR,EUR,A,2016,351311685.9,
CHE,INFRAINVEST,AIR,EUR,A,2017,327635840.2,
CHE,INFRAINVEST,AIR,EUR,A,2018,442722313.6,
TUR,INFRAINVEST,AIR,EUR,A,2014,503435483.9,
TUR,INFRAINVEST,AIR,EUR,A,2015,1437719725,
TUR,INFRAINVEST,AIR,EUR,A,2016,2250392756,
TUR,INFRAINVEST,AIR,EUR,A,2017,2539670986,
ALB,INFRAINVEST,AIR,EUR,A,2014,0,
ALB,INFRAINVEST,AIR,EUR,A,2015,0,
ALB,INFRAINVEST,AIR,EUR,A,2016,0,
ALB,INFRAINVEST,AIR,EUR,A,2017,0,
ALB,INFRAINVEST,AIR,EUR,A,2018,0,
AZE,INFRAINVEST,AIR,EUR,A,2014,78672167.32,
AZE,INFRAINVEST,AIR,EUR,A,2015,349810556,
AZE,INFRAINVEST,AIR,EUR,A,2016,5667006.687,
AZE,INFRAINVEST,AIR,EUR,A,2017,206992430.9,
AZE,INFRAINVEST,AIR,EUR,A,2018,19416509.01,
BGR,INFRAINVEST,AIR,EUR,A,2014,5112997.239,
BGR,INFRAINVEST,AIR,EUR,A,2015,4601697.515,
BGR,INFRAINVEST,AIR,EUR,A,2016,27098885.37,
BGR,INFRAINVEST,AIR,EUR,A,2017,13293792.82,
BGR,INFRAINVEST,AIR,EUR,A,2018,6135596.687,
HRV,INFRAINVEST,AIR,EUR,A,2014,77934665.86,
HRV,INFRAINVEST,AIR,EUR,A,2015,139742579.5,
HRV,INFRAINVEST,AIR,EUR,A,2016,175857721.1,
HRV,INFRAINVEST,AIR,EUR,A,2017,65778897.17,
HRV,INFRAINVEST,AIR,EUR,A,2018,98407948.13,
EST,INFRAINVEST,AIR,EUR,A,2014,135000,
EST,INFRAINVEST,AIR,EUR,A,2015,0,
EST,INFRAINVEST,AIR,EUR,A,2016,13817000,
EST,INFRAINVEST,AIR,EUR,A,2017,16500000,
EST,INFRAINVEST,AIR,EUR,A,2018,11000000,
GEO,INFRAINVEST,AIR,EUR,A,2014,6338829.901,
GEO,INFRAINVEST,AIR,EUR,A,2015,10982036.01,
GEO,INFRAINVEST,AIR,EUR,A,2016,55855122.49,
GEO,INFRAINVEST,AIR,EUR,A,2017,36286469.89,
GEO,INFRAINVEST,AIR,EUR,A,2018,18155366.4,
IND,INFRAINVEST,AIR,EUR,A,2014,718874988.4,
IND,INFRAINVEST,AIR,EUR,A,2015,475092045.4,
IND,INFRAINVEST,AIR,EUR,A,2016,241562306,
LVA,INFRAINVEST,AIR,EUR,A,2014,50000000,
LVA,INFRAINVEST,AIR,EUR,A,2015,42000000,
LVA,INFRAINVEST,AIR,EUR,A,2016,14000000,
LVA,INFRAINVEST,AIR,EUR,A,2017,6000000,
LVA,INFRAINVEST,AIR,EUR,A,2018,10000000,
LIE,INFRAINVEST,AIR,EUR,A,2014,,M
LIE,INFRAINVEST,AIR,EUR,A,2015,,M
LIE,INFRAINVEST,AIR,EUR,A,2016,,M
LIE,INFRAINVEST,AIR,EUR,A,2017,,M
LIE,INFRAINVEST,AIR,EUR,A,2018,,M
LTU,INFRAINVEST,AIR,EUR,A,2014,6000000,
LTU,INFRAINVEST,AIR,EUR,A,2015,6000000,
LTU,INFRAINVEST,AIR,EUR,A,2016,2000000,
LTU,INFRAINVEST,AIR,EUR,A,2017,29000000,
LTU,INFRAINVEST,AIR,EUR,A,2018,6000000,
MKD,INFRAINVEST,AIR,EUR,A,2014,483264.8001,
MKD,INFRAINVEST,AIR,EUR,A,2015,565142.2311,
MKD,INFRAINVEST,AIR,EUR,A,2016,1101601.083,
MKD,INFRAINVEST,AIR,EUR,A,2017,1013494.091,
MKD,INFRAINVEST,AIR,EUR,A,2018,1336830.76,
MDA,INFRAINVEST,AIR,EUR,A,2014,0,
ROU,INFRAINVEST,AIR,EUR,A,2014,28575928.72,
ROU,INFRAINVEST,AIR,EUR,A,2015,38693422.12,
ROU,INFRAINVEST,AIR,EUR,A,2016,22267747.39,
ROU,INFRAINVEST,AIR,EUR,A,2017,17729332.2,
ROU,INFRAINVEST,AIR,EUR,A,2018,1933820.37,
RUS,INFRAINVEST,AIR,EUR,A,2014,877751821.1,
RUS,INFRAINVEST,AIR,EUR,A,2015,851700748.7,
RUS,INFRAINVEST,AIR,EUR,A,2016,594540292.2,
RUS,INFRAINVEST,AIR,EUR,A,2017,386164776.3,
RUS,INFRAINVEST,AIR,EUR,A,2018,271224966.4,
SVN,INFRAINVEST,AIR,EUR,A,2014,1000000,
SVN,INFRAINVEST,AIR,EUR,A,2015,1000000,
SVN,INFRAINVEST,AIR,EUR,A,2016,0,
SVN,INFRAINVEST,AIR,EUR,A,2017,1000000,E
SVN,INFRAINVEST,AIR,EUR,A,2018,1000000,E
SRB,INFRAINVEST,AIR,EUR,A,2014,1109112.812,
SRB,INFRAINVEST,AIR,EUR,A,2015,198858.3871,
SRB,INFRAINVEST,AIR,EUR,A,2016,3607113.813,
SRB,INFRAINVEST,AIR,EUR,A,2017,271956.5792,
SRB,INFRAINVEST,AIR,EUR,A,2018,186047.9276,P
MNE,INFRAINVEST,AIR,EUR,A,2015,3000000,
ISR,INFRAINVEST,ROAD,EUR,A,2014,1406480428,
ISR,INFRAINVEST,ROAD,EUR,A,2015,1558384344,
ISR,INFRAINVEST,ROAD,EUR,A,2016,1665803840,
ISR,INFRAINVEST,ROAD,EUR,A,2017,2013249274,
ISR,INFRAINVEST,ROAD,EUR,A,2018,1963624354,
ARM,INFRAINVEST,RAIL,EUR,A,2014,12014666.77,
ARM,INFRAINVEST,RAIL,EUR,A,2015,12385037.63,
ARM,INFRAINVEST,RAIL,EUR,A,2016,5638192.325,
ARM,INFRAINVEST,ROAD,EUR,A,2014,66773298.72,
ARM,INFRAINVEST,ROAD,EUR,A,2015,77721546.82,
ARM,INFRAINVEST,ROAD,EUR,A,2016,90425116.73,
CHN,INFRAINVEST,RAIL,EUR,A,2014,94554260064,
CHN,INFRAINVEST,RAIL,EUR,A,2015,1.11893E+11,
CHN,INFRAINVEST,RAIL,EUR,A,2016,1.05448E+11,
CHN,INFRAINVEST,RAIL,EUR,A,2017,1.05084E+11,
CHN,INFRAINVEST,RAIL,EUR,A,2018,97308264695,
CHN,INFRAINVEST,ROAD,EUR,A,2014,3.00735E+11,
CHN,INFRAINVEST,ROAD,EUR,A,2015,4.14199E+11,
CHN,INFRAINVEST,ROAD,EUR,A,2016,4.48261E+11,
CHN,INFRAINVEST,ROAD,EUR,A,2017,5.28997E+11,
CHN,INFRAINVEST,ROAD,EUR,A,2018,5.58506E+11,
CHN,INFRAINVEST,AIR,EUR,A,2014,17548579717,
CHN,INFRAINVEST,AIR,EUR,A,2015,26633218930,
CHN,INFRAINVEST,AIR,EUR,A,2016,30207693544,
CHN,INFRAINVEST,AIR,EUR,A,2017,31433791175,
CHN,INFRAINVEST,AIR,EUR,A,2018,32144431341,
NZL,INFRAINVEST,RAIL,EUR,A,2014,148183810.4,
NZL,INFRAINVEST,RAIL,EUR,A,2015,124470372.3,
NZL,INFRAINVEST,RAIL,EUR,A,2016,115826640.3,
NZL,INFRAINVEST,RAIL,EUR,A,2017,116607858.5,
NZL,INFRAINVEST,RAIL,EUR,A,2018,96736009.77,
NZL,INFRAINVEST,AIR,EUR,A,2014,87140834.02,
NZL,INFRAINVEST,AIR,EUR,A,2015,114644756.5,
NZL,INFRAINVEST,AIR,EUR,A,2016,216444739,
NZL,INFRAINVEST,AIR,EUR,A,2017,308008627.7,
NZL,INFRAINVEST,AIR,EUR,A,2018,356457539,
CHL,INFRAINVEST,ROAD,EUR,A,2014,1330010082,P
CHL,INFRAINVEST,ROAD,EUR,A,2015,1273150278,P
CHL,INFRAINVEST,ROAD,EUR,A,2016,1313592337,P
CHL,INFRAINVEST,ROAD,EUR,A,2017,1310402232,P
CHL,INFRAINVEST,ROAD,EUR,A,2018,928822627,P
CHL,INFRAINVEST,AIR,EUR,A,2014,107066119,P
CHL,INFRAINVEST,AIR,EUR,A,2015,108201982.4,P
CHL,INFRAINVEST,AIR,EUR,A,2016,150405213.7,P
CHL,INFRAINVEST,AIR,EUR,A,2017,248530038.3,P
CHL,INFRAINVEST,AIR,EUR,A,2018,49590414.2,P
BLR,INFRAINVEST,RAIL,EUR,A,2014,297066194.9,
BLR,INFRAINVEST,RAIL,EUR,A,2015,188880081.5,
BLR,INFRAINVEST,RAIL,EUR,A,2016,96557362.16,
BLR,INFRAINVEST,RAIL,EUR,A,2017,180519302.1,
BLR,INFRAINVEST,RAIL,EUR,A,2018,89832058.53,
BLR,INFRAINVEST,ROAD,EUR,A,2014,1357658853,
BLR,INFRAINVEST,ROAD,EUR,A,2015,1007813385,
BLR,INFRAINVEST,ROAD,EUR,A,2016,872967572,
BLR,INFRAINVEST,ROAD,EUR,A,2017,960754682.4,
BLR,INFRAINVEST,ROAD,EUR,A,2018,1004655803,
BLR,INFRAINVEST,AIR,EUR,A,2014,52410437.86,
BLR,INFRAINVEST,AIR,EUR,A,2015,5152304.382,
BLR,INFRAINVEST,AIR,EUR,A,2016,105640839.3,
BLR,INFRAINVEST,AIR,EUR,A,2017,18775472.82,
BLR,INFRAINVEST,AIR,EUR,A,2018,82889923.51,
