Country,Age,Gender,Year,Population
Australia,15-19,Males,2002,696033
Australia,15-19,Males,2003,698587
Australia,15-19,Males,2004,702012
Australia,15-19,Males,2005,708305
Australia,15-19,Males,2006,720491
Australia,15-19,Males,2007,739515
Australia,15-19,Males,2008,756525
Australia,15-19,Males,2009,767426
Australia,15-19,Males,2010,770614
Australia,15-19,Males,2011,765850
Australia,15-19,Males,2012,748674
Australia,15-19,Females,2002,664072
Australia,15-19,Females,2003,665547
Australia,15-19,Females,2004,668445
Australia,15-19,Females,2005,672774
Australia,15-19,Females,2006,684928
Australia,15-19,Females,2007,700766
Australia,15-19,Females,2008,714624
Australia,15-19,Females,2009,726372
Australia,15-19,Females,2010,730396
Australia,15-19 ,Females,2011,726523
Australia,15-19 ,Females,2012,711514
Australia,20-24 ,Males,2002,676737
Australia,20-24 ,Males,2003,696402
Australia,20-24 ,Males,2004,714044
Australia,20-24 ,Males,2005,729792
Australia,20-24 ,Males,2006,746088
Australia,20-24 ,Males,2007,759719
Australia,20-24 ,Males,2008,782998
Australia,20-24 ,Males,2009,810048
Australia,20-24 ,Males,2010,849732
Australia,20-24 ,Males,2011,853731
Australia,20-24 ,Males,2012,827157
Australia,20-24 ,Females,2002,652455
Australia,20-24,Females,2003,667642
Australia,20-24,Females,2004,678268
Australia,20-24,Females,2005,690799
Australia,20-24,Females,2006,707341
Australia,20-24,Females,2007,734417
Australia,20-24,Females,2008,747592
Australia,20-24,Females,2009,771739
Australia,20-24,Females,2010,799927
Australia,20-24,Females,2011,804741
Australia,20-24,Females,2012,795267
Australia,25-29,Males,2002,689035
Australia,25-29,Males,2003,683946
Australia,25-29,Males,2004,683704
Australia,25-29,Males,2005,691706
Australia,25-29,Males,2006,706314
Australia,25-29,Males,2007,729722
Australia,25-29,Males,2008,765653
Australia,25-29,Males,2009,803368
Australia,25-29,Males,2010,844968
Australia,25-29,Males,2011,858021
Australia,25-29,Males,2012,854925
Australia,25-29,Females,2002,687472
Australia,25-29,Females,2003,677970
Australia,25-29,Females,2004,672576
Australia,25-29,Females,2005,675196
Australia,25-29,Females,2006,685650
Australia,25-29,Females,2007,714739
Australia,25-29,Females,2008,747311
Australia,25-29,Females,2009,781035
Australia,25-29,Females,2010,820295
Australia,25-29,Females,2011,833045
Australia,25-29,Females,2012,832921
Australia,40+,Males,2002,4170665
Australia,40+,Males,2003,4272490
Australia,40+,Males,2004,4367733
Australia,40+,Males,2005,4461271
Australia,40+,Males,2006,4546147
Australia,40+,Males,2007,4614752
Australia,40+,Males,2008,4708661
Australia,40+,Males,2009,4811782
Australia,40+,Males,2010,4917740
Australia,40+,Males,2011,5020366
Australia,40+,Males,2012,5090237
Australia,40+,Females,2002,4443998
Australia,40+,Females,2003,4547256
Australia,40+,Females,2004,4643832
Australia,40+,Females,2005,4740066
Australia,40+,Females,2006,4827849
Australia,40+,Females,2007,4912909
Australia,40+,Females,2008,5011311
Australia,40+,Females,2009,5115194
Australia,40+,Females,2010,5228019
Australia,40+,Females,2011,5339162
Australia,40+,Females,2012,5415113
Austria,15-19,Males,2002,245626
Austria,15-19,Males,2003,244981
Austria,15-19,Males,2004,247729
Austria,15-19,Males,2005,249903
Austria,15-19,Males,2006,252013
Austria,15-19,Males,2007,254215
Austria,15-19,Males,2008,256644
Austria,15-19,Males,2009,257309
Austria,15-19,Males,2010,257147
Austria,15-19,Males,2011,254348
Austria,15-19,Males,2012,251511
Austria,15-19,Females,2002,234806
Austria,15-19,Females,2003,233352
Austria,15-19,Females,2004,235329
Austria,15-19,Females,2005,237215
Austria,15-19,Females,2006,239767
Austria,15-19,Females,2007,242109
Austria,15-19,Females,2008,244053
Austria,15-19,Females,2009,245051
Austria,15-19,Females,2010,244097
Austria,15-19,Females,2011,241415
Austria,15-19,Females,2012,238107
Austria,20-24,Males,2002,245262
Austria,20-24,Males,2003,250006
Austria,20-24,Males,2004,258452
Austria,20-24,Males,2005,264775
Austria,20-24,Males,2006,267160
Austria,20-24,Males,2007,265186
Austria,20-24,Males,2008,263114
Austria,20-24,Males,2009,263320
Austria,20-24,Males,2010,263387
Austria,20-24,Males,2011,265026
Austria,20-24,Males,2012,269844
Austria,20-24,Females,2002,237374
Austria,20-24,Females,2003,243018
Austria,20-24,Females,2004,252243
Austria,20-24,Females,2005,259551
Austria,20-24,Females,2006,261651
Austria,20-24,Females,2007,259879
Austria,20-24,Females,2008,258266
Austria,20-24,Females,2009,257633
Austria,20-24,Females,2010,257599
Austria,20-24,Females,2011,259122
Austria,20-24,Females,2012,262119
Austria,25-29,Males,2002,266121
Austria,25-29,Males,2003,253962
Austria,25-29,Males,2004,255358
Austria,25-29,Males,2005,256676
Austria,25-29,Males,2006,261672
Austria,25-29,Males,2007,267215
Austria,25-29,Males,2008,273760
Austria,25-29,Males,2009,277079
Austria,25-29,Males,2010,279220
Austria,25-29,Males,2011,279155
Austria,25-29,Males,2012,279148
Austria,25-29,Females,2002,267902
Austria,25-29,Females,2003,254559
Austria,25-29,Females,2004,253799
Austria,25-29,Females,2005,252684
Austria,25-29,Females,2006,256237
Austria,25-29,Females,2007,262292
Austria,25-29,Females,2008,269906
Austria,25-29,Females,2009,274070
Austria,25-29,Females,2010,277868
Austria,25-29,Females,2011,277711
Austria,25-29,Females,2012,276526
Austria,40+,Males,2002,1806365
Austria,40+,Males,2003,1801281
Austria,40+,Males,2004,1842831
Austria,40+,Males,2005,1885961
Austria,40+,Males,2006,1929153
Austria,40+,Males,2007,1968755
Austria,40+,Males,2008,2006387
Austria,40+,Males,2009,2042754
Austria,40+,Males,2010,2076441
Austria,40+,Males,2011,2106249
Austria,40+,Males,2012,2133816
Austria,40+,Females,2002,2099667
Austria,40+,Females,2003,2111955
Austria,40+,Females,2004,2145830
Austria,40+,Females,2005,2182492
Austria,40+,Females,2006,2217881
Austria,40+,Females,2007,2250983
Austria,40+,Females,2008,2282422
Austria,40+,Females,2009,2312302
Austria,40+,Females,2010,2342358
Austria,40+,Females,2011,2369101
Austria,40+,Females,2012,2394756
Belgium,15-19,Males,2002,308548
Belgium,15-19,Males,2003,308920
Belgium,15-19,Males,2004,311969
Belgium,15-19,Males,2005,316197
Belgium,15-19,Males,2006,323106
Belgium,15-19,Males,2007,328310
Belgium,15-19,Males,2008,332870
Belgium,15-19,Males,2009,333564
Belgium,15-19,Males,2010,332183
Belgium,15-19,Males,2011,329018
Belgium,15-19,Males,2012,325268
Belgium,15-19,Females,2002,295150
Belgium,15-19,Females,2003,295749
Belgium,15-19,Females,2004,299048
Belgium,15-19,Females,2005,302986
Belgium,15-19,Females,2006,309498
Belgium,15-19,Females,2007,315090
Belgium,15-19,Females,2008,319445
Belgium,15-19,Females,2009,320482
Belgium,15-19,Females,2010,318449
Belgium,15-19,Females,2011,315744
Belgium,15-19,Females,2012,312581
Belgium,20-24,Males,2002,324242
Belgium,20-24,Males,2003,326231
Belgium,20-24,Males,2004,325731
Belgium,20-24,Males,2005,322980
Belgium,20-24,Males,2006,320284
Belgium,20-24,Males,2007,319982
Belgium,20-24,Males,2008,321424
Belgium,20-24,Males,2009,326344
Belgium,20-24,Males,2010,331542
Belgium,20-24,Males,2011,340451
Belgium,20-24,Males,2012,346200
Belgium,20-24,Females,2002,318136
Belgium,20-24,Females,2003,319540
Belgium,20-24,Females,2004,319275
Belgium,20-24,Females,2005,318785
Belgium,20-24,Females,2006,316884
Belgium,20-24,Females,2007,317150
Belgium,20-24,Females,2008,319092
Belgium,20-24,Females,2009,324396
Belgium,20-24,Females,2010,329176
Belgium,20-24,Females,2011,337483
Belgium,20-24,Females,2012,343190
Belgium,25-29,Males,2002,335226
Belgium,25-29,Males,2003,330683
Belgium,25-29,Males,2004,328486
Belgium,25-29,Males,2005,330174
Belgium,25-29,Males,2006,335194
Belgium,25-29,Males,2007,340168
Belgium,25-29,Males,2008,343935
Belgium,25-29,Males,2009,346023
Belgium,25-29,Males,2010,345261
Belgium,25-29,Males,2011,345769
Belgium,25-29,Males,2012,346348
Belgium,25-29,Females,2002,327879
Belgium,25-29,Females,2003,324117
Belgium,25-29,Females,2004,323553
Belgium,25-29,Females,2005,325588
Belgium,25-29,Females,2006,332571
Belgium,25-29,Females,2007,338195
Belgium,25-29,Females,2008,342257
Belgium,25-29,Females,2009,344963
Belgium,25-29,Females,2010,346448
Belgium,25-29,Females,2011,346897
Belgium,25-29,Females,2012,348150
Belgium,40+,Males,2002,2363902
Belgium,40+,Males,2003,2397683
Belgium,40+,Males,2004,2431771
Belgium,40+,Males,2005,2468589
Belgium,40+,Males,2006,2503701
Belgium,40+,Males,2007,2538958
Belgium,40+,Males,2008,2574381
Belgium,40+,Males,2009,2605109
Belgium,40+,Males,2010,2637574
Belgium,40+,Males,2011,2674159
Belgium,40+,Males,2012,2706342
Belgium,40+,Females,2002,2677915
Belgium,40+,Females,2003,2707846
Belgium,40+,Females,2004,2738114
Belgium,40+,Females,2005,2772479
Belgium,40+,Females,2006,2803827
Belgium,40+,Females,2007,2834574
Belgium,40+,Females,2008,2864496
Belgium,40+,Females,2009,2891439
Belgium,40+,Females,2010,2921256
Belgium,40+,Females,2011,2369101
Belgium,40+,Females,2012,2982351
Canada,15-19,Males,2003,1092730
Canada,15-19,Males,2004,1093259
Canada,15-19,Males,2005,1091921
Canada,15-19,Males,2006,1100600
Canada,15-19,Males,2007,1112570
Canada,15-19,Males,2008,1148538
Canada,15-19,Males,2009,1157023
Canada,15-19,Males,2010,1166118
Canada,15-19,Males,2011,1146713
Canada,15-19,Males,2012,1115081.5
Canada,15-19,Females,2003,1033433
Canada,15-19,Females,2004,1033987
Canada,15-19,Females,2005,1036695
Canada,15-19,Females,2006,1047142
Canada,15-19,Females,2007,1058976
Canada,15-19,Females,2008,1089315
Canada,15-19,Females,2009,1100082
Canada,15-19,Females,2010,1108300
Canada,15-19,Females,2011,1092680.5
Canada,15-19,Females,2012,1065141
Canada,20-24,Males,2003,1099002
Canada,20-24,Males,2004,1099373
Canada,20-24,Males,2005,1138434
Canada,20-24,Males,2006,1148777
Canada,20-24,Males,2007,1157368
Canada,20-24,Males,2008,1163895
Canada,20-24,Males,2009,1173389
Canada,20-24,Males,2010,1183104
Canada,20-24,Males,2011,1203703
Canada,20-24,Males,2012,1225393
Canada,20-24,Females,2003,1050627
Canada,20-24,Females,2004,1050997
Canada,20-24,Females,2005,1087472
Canada,20-24,Females,2006,1096952
Canada,20-24,Females,2007,1104984
Canada,20-24,Females,2008,1105812
Canada,20-24,Females,2009,1113826
Canada,20-24,Females,2010,1123751.5
Canada,20-24,Females,2011,1139460
Canada,20-24,Females,2012,1159659
Canada,25-29,Males,2003,1063469
Canada,25-29,Males,2004,1064293
Canada,25-29,Males,2005,1095340
Canada,25-29,Males,2006,1112389
Canada,25-29,Males,2007,1129918
Canada,25-29,Males,2008,1123269
Canada,25-29,Males,2009,1153190
Canada,25-29,Males,2010,1162031
Canada,25-29,Males,2011,1198618
Canada,25-29,Males,2012,1223651
Canada,25-29,Females,2003,1032779
Canada,25-29,Females,2004,1033584
Canada,25-29,Females,2005,1065991
Canada,25-29,Females,2006,1085408
Canada,25-29,Females,2007,1106368
Canada,25-29,Females,2008,1107611
Canada,25-29,Females,2009,1134849
Canada,25-29,Females,2010,1145888
Canada,25-29,Females,2011,1171777.5
Canada,25-29,Females,2012,1185491
Canada,40+,Males,2003,6869410
Canada,40+,Males,2004,6872602
Canada,40+,Males,2005,7235174
Canada,40+,Males,2006,7403074
Canada,40+,Males,2007,7567174
Canada,40+,Males,2008,7742535
Canada,40+,Males,2009,7884437
Canada,40+,Males,2010,7835038
Canada,40+,Males,2011,8095969.5
Canada,40+,Males,2012,8354896.5
Canada,40+,Females,2003,7484194
Canada,40+,Females,2004,7486832
Canada,40+,Females,2005,7848898
Canada,40+,Females,2006,8015785
Canada,40+,Females,2007,8176109
Canada,40+,Females,2008,8331100
Canada,40+,Females,2009,8472887
Canada,40+,Females,2010,8423434.5
Canada,40+,Females,2011,8680783.5
Canada,40+,Females,2012,8935207.5
Czech Republic,15-19,Males,2002,346811
Czech Republic,15-19,Males,2003,340702
Czech Republic,15-19,Males,2004,339746
Czech Republic,15-19,Males,2005,336047
Czech Republic,15-19,Males,2006,334212
Czech Republic,15-19,Males,2007,333223
Czech Republic,15-19,Males,2008,331037
Czech Republic,15-19,Males,2009,326658
Czech Republic,15-19,Males,2010,315905
Czech Republic,15-19,Males,2011,298949
Czech Republic,15-19,Males,2012,277548
Czech Republic,15-19,Females,2002,330959
Czech Republic,15-19,Females,2003,324580
Czech Republic,15-19,Females,2004,324295
Czech Republic,15-19,Females,2005,321148
Czech Republic,15-19,Females,2006,319307
Czech Republic,15-19,Females,2007,318024
Czech Republic,15-19,Females,2008,315390
Czech Republic,15-19,Females,2009,310590
Czech Republic,15-19,Females,2010,300086
Czech Republic,15-19,Females,2011,283701
Czech Republic,15-19,Females,2012,263557
Czech Republic,20-24,Males,2002,417989
Czech Republic,20-24,Males,2003,394817
Czech Republic,20-24,Males,2004,378523
Czech Republic,20-24,Males,2005,362635
Czech Republic,20-24,Males,2006,357619
Czech Republic,20-24,Males,2007,356689
Czech Republic,20-24,Males,2008,361040
Czech Republic,20-24,Males,2009,365813
Czech Republic,20-24,Males,2010,361233
Czech Republic,20-24,Males,2011,355493
Czech Republic,20-24,Males,2012,343291
Czech Republic,20-24,Females,2002,400694
Czech Republic,20-24,Females,2003,378937
Czech Republic,20-24,Females,2004,361536
Czech Republic,20-24,Females,2005,346152
Czech Republic,20-24,Females,2006,340914
Czech Republic,20-24,Females,2007,338264
Czech Republic,20-24,Females,2008,338694
Czech Republic,20-24,Females,2009,341688
Czech Republic,20-24,Females,2010,339507
Czech Republic,20-24,Females,2011,336516
Czech Republic,20-24,Females,2012,328171
Czech Republic,25-29,Males,2002,458572
Czech Republic,25-29,Males,2003,461655
Czech Republic,25-29,Males,2004,462235
Czech Republic,25-29,Males,2005,454007
Czech Republic,25-29,Males,2006,441069
Czech Republic,25-29,Males,2007,424645
Czech Republic,25-29,Males,2008,415373
Czech Republic,25-29,Males,2009,405758
Czech Republic,25-29,Males,2010,393253
Czech Republic,25-29,Males,2011,386426
Czech Republic,25-29,Males,2012,371423
Czech Republic,25-29,Females,2002,439295
Czech Republic,25-29,Females,2003,444842
Czech Republic,25-29,Females,2004,445981
Czech Republic,25-29,Females,2005,437512
Czech Republic,25-29,Females,2006,422251
Czech Republic,25-29,Females,2007,404827
Czech Republic,25-29,Females,2008,392779
Czech Republic,25-29,Females,2009,378855
Czech Republic,25-29,Females,2010,365668
Czech Republic,25-29,Females,2011,360070
Czech Republic,25-29,Females,2012,349777
Czech Republic,40+,Males,2002,2228104
Czech Republic,40+,Males,2003,2228851
Czech Republic,40+,Males,2004,2251199
Czech Republic,40+,Males,2005,2276951
Czech Republic,40+,Males,2006,2303293
Czech Republic,40+,Males,2007,2327214
Czech Republic,40+,Males,2008,2357409
Czech Republic,40+,Males,2009,2385103
Czech Republic,40+,Males,2010,2407954
Czech Republic,40+,Males,2011,2430692
Czech Republic,40+,Males,2012,2466895
Czech Republic,40+,Females,2002,2612558
Czech Republic,40+,Females,2003,2615651
Czech Republic,40+,Females,2004,2633350
Czech Republic,40+,Females,2005,2655676
Czech Republic,40+,Females,2006,2674779
Czech Republic,40+,Females,2007,2693419
Czech Republic,40+,Females,2008,2715862
Czech Republic,40+,Females,2009,2736350
Czech Republic,40+,Females,2010,2755369
Czech Republic,40+,Females,2011,2777463
Czech Republic,40+,Females,2012,2798189
Denmark,15-19,Males,2002,144355
Denmark,15-19,Males,2003,146751
Denmark,15-19,Males,2004,151365
Denmark,15-19,Males,2005,156371
Denmark,15-19,Males,2006,161504
Denmark,15-19,Males,2007,165784
Denmark,15-19,Males,2008,171597
Denmark,15-19,Males,2009,175869
Denmark,15-19,Males,2010,179957
Denmark,15-19,Males,2011,182827
Denmark,15-19,Males,2012,184265
Denmark,15-19,Females,2002,138195
Denmark,15-19,Females,2003,140015
Denmark,15-19,Females,2004,143729
Denmark,15-19,Females,2005,148211
Denmark,15-19,Females,2006,152709
Denmark,15-19,Females,2007,157037
Denmark,15-19,Females,2008,162666
Denmark,15-19,Females,2009,167058
Denmark,15-19,Females,2010,170971
Denmark,15-19,Females,2011,173639
Denmark,15-19,Females,2012,174860
Denmark,20-24,Males,2002,159458
Denmark,20-24,Males,2003,155592
Denmark,20-24,Males,2004,150711
Denmark,20-24,Males,2005,147943
Denmark,20-24,Males,2006,147640
Denmark,20-24,Males,2007,150535
Denmark,20-24,Males,2008,154548
Denmark,20-24,Males,2009,160988
Denmark,20-24,Males,2010,166418
Denmark,20-24,Males,2011,171997
Denmark,20-24,Males,2012,176821
Denmark,20-24,Females,2002,156455
Denmark,20-24,Females,2003,152797
Denmark,20-24,Females,2004,147750
Denmark,20-24,Females,2005,144598
Denmark,20-24,Females,2006,143727
Denmark,20-24,Females,2007,145720
Denmark,20-24,Females,2008,149249
Denmark,20-24,Females,2009,154707
Denmark,20-24,Females,2010,160117
Denmark,20-24,Females,2011,165462
Denmark,20-24,Females,2012,170654
Denmark,25-29,Males,2002,190086
Denmark,25-29,Males,2003,183903
Denmark,25-29,Males,2004,179508
Denmark,25-29,Males,2005,173681
Denmark,25-29,Males,2006,167443
Denmark,25-29,Males,2007,162254
Denmark,25-29,Males,2008,160378
Denmark,25-29,Males,2009,158214
Denmark,25-29,Males,2010,155957
Denmark,25-29,Males,2011,156548
Denmark,25-29,Males,2012,159427
Denmark,25-29,Females,2002,187067
Denmark,25-29,Females,2003,181393
Denmark,25-29,Females,2004,177459
Denmark,25-29,Females,2005,172033
Denmark,25-29,Females,2006,165979
Denmark,25-29,Females,2007,161568
Denmark,25-29,Females,2008,159345
Denmark,25-29,Females,2009,156909
Denmark,25-29,Females,2010,155013
Denmark,25-29,Females,2011,155000
Denmark,25-29,Females,2012,156763
Denmark,40+,Males,2002,1227936
Denmark,40+,Males,2003,1240894
Denmark,40+,Males,2004,1256216
Denmark,40+,Males,2005,1273301
Denmark,40+,Males,2006,1291417
Denmark,40+,Males,2007,1311242
Denmark,40+,Males,2008,1328555
Denmark,40+,Males,2009,1343866
Denmark,40+,Males,2010,1356054
Denmark,40+,Males,2011,1368302
Denmark,40+,Males,2012,1382700
Denmark,40+,Females,2002,1342928
Denmark,40+,Females,2003,1352263
Denmark,40+,Females,2004,1364859
Denmark,40+,Females,2005,1379015
Denmark,40+,Females,2006,1394382
Denmark,40+,Females,2007,1411197
Denmark,40+,Females,2008,1424974
Denmark,40+,Females,2009,1437448
Denmark,40+,Females,2010,1448171
Denmark,40+,Females,2011,1459385
Denmark,40+,Females,2012,1472532
Finland,15-19,Males,2002,168400
Finland,15-19,Males,2003,165139
Finland,15-19,Males,2004,163377
Finland,15-19,Males,2005,162574
Finland,15-19,Males,2006,164118
Finland,15-19,Males,2007,166143
Finland,15-19,Males,2008,169455
Finland,15-19,Males,2009,169961
Finland,15-19,Males,2010,170583
Finland,15-19,Males,2011,169224
Finland,15-19,Males,2012,167231
Finland,15-19,Females,2002,160820
Finland,15-19,Females,2003,157991
Finland,15-19,Females,2004,156377
Finland,15-19,Females,2005,155531
Finland,15-19,Females,2006,156824
Finland,15-19,Females,2007,159204
Finland,15-19,Females,2008,162465
Finland,15-19,Females,2009,163216
Finland,15-19,Females,2010,164053
Finland,15-19,Females,2011,162860
Finland,15-19,Females,2012,160535
Finland,20-24,Males,2002,166249
Finland,20-24,Males,2003,167305
Finland,20-24,Males,2004,169099
Finland,20-24,Males,2005,170494
Finland,20-24,Males,2006,170710
Finland,20-24,Males,2007,169860
Finland,20-24,Males,2008,167344
Finland,20-24,Males,2009,166488
Finland,20-24,Males,2010,165988
Finland,20-24,Males,2011,167817
Finland,20-24,Males,2012,170256
Finland,20-24,Females,2002,159350
Finland,20-24,Females,2003,159957
Finland,20-24,Females,2004,161772
Finland,20-24,Females,2005,162870
Finland,20-24,Females,2006,163226
Finland,20-24,Females,2007,162144
Finland,20-24,Females,2008,159922
Finland,20-24,Females,2009,158952
Finland,20-24,Females,2010,158484
Finland,20-24,Females,2011,159963
Finland,20-24,Females,2012,162625
Finland,25-29,Males,2002,160236
Finland,25-29,Males,2003,163651
Finland,25-29,Males,2004,167827
Finland,25-29,Males,2005,169294
Finland,25-29,Males,2006,169408
Finland,25-29,Males,2007,169194
Finland,25-29,Males,2008,171554
Finland,25-29,Males,2009,174715
Finland,25-29,Males,2010,177022
Finland,25-29,Males,2011,177710
Finland,25-29,Males,2012,177541
Finland,25-29,Females,2002,151954
Finland,25-29,Females,2003,155834
Finland,25-29,Females,2004,160146
Finland,25-29,Females,2005,161559
Finland,25-29,Females,2006,161766
Finland,25-29,Females,2007,161773
Finland,25-29,Females,2008,163128
Finland,25-29,Females,2009,165701
Finland,25-29,Females,2010,167612
Finland,25-29,Females,2011,168353
Finland,25-29,Females,2012,167897
Finland,40+,Males,2002,1204693
Finland,40+,Males,2003,1221201
Finland,40+,Males,2004,1238071
Finland,40+,Males,2005,1254439
Finland,40+,Males,2006,1269927
Finland,40+,Males,2007,1285161
Finland,40+,Males,2008,1300127
Finland,40+,Males,2009,1314204
Finland,40+,Males,2010,1325161
Finland,40+,Males,2011,1334685
Finland,40+,Males,2012,1343569
Finland,40+,Females,2002,1380003
Finland,40+,Females,2003,1393106
Finland,40+,Females,2004,1406936
Finland,40+,Females,2005,1421620
Finland,40+,Females,2006,1435953
Finland,40+,Females,2007,1450269
Finland,40+,Females,2008,1463866
Finland,40+,Females,2009,1475910
Finland,40+,Females,2010,1485463
Finland,40+,Females,2011,1493793
Finland,40+,Females,2012,1501467
France,15-19,Males,2002,1978965
France,15-19,Males,2003,1967636
France,15-19,Males,2004,1980999
France,15-19,Males,2005,2077600
France,15-19,Males,2006,2086671
France,15-19,Males,2007,2077724
France,15-19,Males,2008,2063895
France,15-19,Males,2009,2065520
France,15-19,Males,2010,2037478
France,15-19,Males,2011,2022689
France,15-19,Males,2012,2041156
France,15-19,Females,2002,1898459
France,15-19,Females,2003,1890046
France,15-19,Females,2004,1902626
France,15-19,Females,2005,1998478
France,15-19,Females,2006,2005548
France,15-19,Females,2007,1995013
France,15-19,Females,2008,1979319
France,15-19,Females,2009,1977959
France,15-19,Females,2010,1951345
France,15-19,Females,2011,1939289
France,15-19,Females,2012,1948165
France,20-24,Males,2002,1945631
France,20-24,Males,2003,1972684
France,20-24,Males,2004,1978894
France,20-24,Males,2005,2063748
France,20-24,Males,2006,2055178
France,20-24,Males,2007,2046498
France,20-24,Males,2008,2036208
France,20-24,Males,2009,2067387
France,20-24,Males,2010,2069721
France,20-24,Males,2011,2065906
France,20-24,Males,2012,2015802
France,20-24,Females,2002,1901653
France,20-24,Females,2003,1926612
France,20-24,Females,2004,1931131
France,20-24,Females,2005,2024589
France,20-24,Females,2006,2017943
France,20-24,Females,2007,2012338
France,20-24,Females,2008,2004542
France,20-24,Females,2009,2036478
France,20-24,Females,2010,2036452
France,20-24,Females,2011,2026334
France,20-24,Females,2012,1986450
France,25-29,Males,2002,1972728
France,25-29,Males,2003,1915823
France,25-29,Males,2004,1865506
France,25-29,Males,2005,1940313
France,25-29,Males,2006,1983028
France,25-29,Males,2007,2036145
France,25-29,Males,2008,2067230
France,25-29,Males,2009,2003798
France,25-29,Males,2010,1999457
France,25-29,Males,2011,1977913
France,25-29,Males,2012,1952233
France,25-29,Females,2002,1960558
France,25-29,Females,2003,1899580
France,25-29,Females,2004,1847593
France,25-29,Females,2005,1927874
France,25-29,Females,2006,1962278
France,25-29,Females,2007,2009880
France,25-29,Females,2008,2040374
France,25-29,Females,2009,2039355
France,25-29,Females,2010,2038285
France,25-29,Females,2011,2018780
France,25-29,Females,2012,2006447
France,40+,Males,2002,12970476
France,40+,Males,2003,13135748
France,40+,Males,2004,13311455
France,40+,Males,2005,13891529
France,40+,Males,2006,14112473
France,40+,Males,2007,14297276
France,40+,Males,2008,14478805
France,40+,Males,2009,14713192
France,40+,Males,2010,14907413
France,40+,Males,2011,15097985
France,40+,Males,2012,15287324
France,40+,Females,2002,15009228
France,40+,Females,2003,15187079
France,40+,Females,2004,15371870
France,40+,Females,2005,16037833
France,40+,Females,2006,16277989
France,40+,Females,2007,16483547
France,40+,Females,2008,16681095
France,40+,Females,2009,17062814
France,40+,Females,2010,17255202
France,40+,Females,2011,17448592
France,40+,Females,2012,17598492
Germany,15-19,Males,2002,2381213
Germany,15-19,Males,2003,2397934
Germany,15-19,Males,2004,2433437
Germany,15-19,Males,2005,2455342
Germany,15-19,Males,2006,2479805
Germany,15-19,Males,2007,2441856
Germany,15-19,Males,2008,2379143
Germany,15-19,Males,2009,2295761
Germany,15-19,Males,2010,2214032
Germany,15-19,Males,2011,2123829
Germany,15-19,Males,2012,2094790
Germany,15-19,Females,2002,2259414
Germany,15-19,Females,2003,2275502
Germany,15-19,Females,2004,2308768
Germany,15-19,Females,2005,2332522
Germany,15-19,Females,2006,2355984
Germany,15-19,Females,2007,2320508
Germany,15-19,Females,2008,2263821
Germany,15-19,Females,2009,2183869
Germany,15-19,Females,2010,2103040
Germany,15-19,Females,2011,2016565
Germany,15-19,Females,2012,1985672
Germany,20-24,Males,2002,2417125
Germany,20-24,Males,2003,2459625
Germany,20-24,Males,2004,2476210
Germany,20-24,Males,2005,2480735
Germany,20-24,Males,2006,2461472
Germany,20-24,Males,2007,2461417
Germany,20-24,Males,2008,2468554
Germany,20-24,Males,2009,2496201
Germany,20-24,Males,2010,2516653
Germany,20-24,Males,2011,2552434
Germany,20-24,Males,2012,2537958
Germany,20-24,Females,2002,2336992
Germany,20-24,Females,2003,2381398
Germany,20-24,Females,2004,2403261
Germany,20-24,Females,2005,2409481
Germany,20-24,Females,2006,2392336
Germany,20-24,Females,2007,2386853
Germany,20-24,Females,2008,2386946
Germany,20-24,Females,2009,2403638
Germany,20-24,Females,2010,2417804
Germany,20-24,Females,2011,2443557
Germany,20-24,Females,2012,2421962
Germany,25-29,Males,2002,2423549
Germany,25-29,Males,2003,2384438
Germany,25-29,Males,2004,2393041
Germany,25-29,Males,2005,2410315
Germany,25-29,Males,2006,2459058
Germany,25-29,Males,2007,2489938
Germany,25-29,Males,2008,2518610
Germany,25-29,Males,2009,2523056
Germany,25-29,Males,2010,2522868
Germany,25-29,Males,2011,2514459
Germany,25-29,Males,2012,2543493
Germany,25-29,Females,2002,2324098
Germany,25-29,Females,2003,2294967
Germany,25-29,Females,2004,2310896
Germany,25-29,Females,2005,2334933
Germany,25-29,Females,2006,2393019
Germany,25-29,Females,2007,2429190
Germany,25-29,Females,2008,2458120
Germany,25-29,Females,2009,2461136
Germany,25-29,Females,2010,2455552
Germany,25-29,Females,2011,2436127
Germany,25-29,Females,2012,2447109
Germany,40+,Males,2002,19532224
Germany,40+,Males,2003,19890667
Germany,40+,Males,2004,20258653
Germany,40+,Males,2005,20631749
Germany,40+,Males,2006,20990699
Germany,40+,Males,2007,21333916
Germany,40+,Males,2008,21650547
Germany,40+,Males,2009,21915958
Germany,40+,Males,2010,22140006
Germany,40+,Males,2011,22341711
Germany,40+,Males,2012,22544514
Germany,40+,Females,2002,22462651
Germany,40+,Females,2003,22729226
Germany,40+,Females,2004,23005063
Germany,40+,Females,2005,23294638
Germany,40+,Females,2006,23561432
Germany,40+,Females,2007,23821856
Germany,40+,Females,2008,24067053
Germany,40+,Females,2009,24267418
Germany,40+,Females,2010,24434339
Germany,40+,Females,2011,24572309
Germany,40+,Females,2012,24708072
Greece,15-19,Males,2002,362760
Greece,15-19,Males,2003,341415
Greece,15-19,Males,2004,329072
Greece,15-19,Males,2005,316956
Greece,15-19,Males,2006,310590
Greece,15-19,Males,2007,305073
Greece,15-19,Males,2008,303063
Greece,15-19,Males,2009,296872
Greece,15-19,Males,2010,294950
Greece,15-19,Males,2011,290061
Greece,15-19,Males,2012,284826
Greece,15-19,Females,2002,330705
Greece,15-19,Females,2003,314472
Greece,15-19,Females,2004,303962
Greece,15-19,Females,2005,292899
Greece,15-19,Females,2006,287397
Greece,15-19,Females,2007,283343
Greece,15-19,Females,2008,281670
Greece,15-19,Females,2009,277572
Greece,15-19,Females,2010,276970
Greece,15-19,Females,2011,272938
Greece,15-19,Females,2012,268968
Greece,20-24,Males,2002,431047
Greece,20-24,Males,2003,420595
Greece,20-24,Males,2004,410695
Greece,20-24,Males,2005,400511
Greece,20-24,Males,2006,381767
Greece,20-24,Males,2007,365650
Greece,20-24,Males,2008,348025
Greece,20-24,Males,2009,336380
Greece,20-24,Males,2010,323833
Greece,20-24,Males,2011,315507
Greece,20-24,Males,2012,307118
Greece,20-24,Females,2002,392129
Greece,20-24,Females,2003,384733
Greece,20-24,Females,2004,376093
Greece,20-24,Females,2005,366726
Greece,20-24,Females,2006,349755
Greece,20-24,Females,2007,336480
Greece,20-24,Females,2008,320914
Greece,20-24,Females,2009,310332
Greece,20-24,Females,2010,298823
Greece,20-24,Females,2011,291822
Greece,20-24,Females,2012,285688
Greece,25-29,Males,2002,439228
Greece,25-29,Males,2003,442347
Greece,25-29,Males,2004,444135
Greece,25-29,Males,2005,439601
Greece,25-29,Males,2006,440709
Greece,25-29,Males,2007,435467
Greece,25-29,Males,2008,427927
Greece,25-29,Males,2009,419009
Greece,25-29,Males,2010,408564
Greece,25-29,Males,2011,387727
Greece,25-29,Males,2012,368375
Greece,25-29,Females,2002,410979
Greece,25-29,Females,2003,411776
Greece,25-29,Females,2004,411659
Greece,25-29,Females,2005,405113
Greece,25-29,Females,2006,404868
Greece,25-29,Females,2007,399495
Greece,25-29,Females,2008,393197
Greece,25-29,Females,2009,384637
Greece,25-29,Females,2010,374807
Greece,25-29,Females,2011,355893
Greece,25-29,Females,2012,339839
Greece,40+,Males,2002,0
Greece,40+,Males,2003,2551261
Greece,40+,Males,2004,1991558
Greece,40+,Males,2005,2620343
Greece,40+,Males,2006,2660545
Greece,40+,Males,2007,2705044
Greece,40+,Males,2008,2749433
Greece,40+,Males,2009,2791004
Greece,40+,Males,2010,2832740
Greece,40+,Males,2011,2872830
Greece,40+,Males,2012,2905256
Greece,40+,Females,2002,0
Greece,40+,Females,2003,2829632
Greece,40+,Females,2004,2112193
Greece,40+,Females,2005,2904281
Greece,40+,Females,2006,2946369
Greece,40+,Females,2007,2991724
Greece,40+,Females,2008,3037723
Greece,40+,Females,2009,3082327
Greece,40+,Females,2010,3127879
Greece,40+,Females,2011,3164037
Greece,40+,Females,2012,3192265
Hungary,15-19,Males,2002,333534
Hungary,15-19,Males,2003,327853
Hungary,15-19,Males,2004,325703
Hungary,15-19,Males,2005,323730
Hungary,15-19,Males,2006,320156
Hungary,15-19,Males,2007,318852
Hungary,15-19,Males,2008,317100
Hungary,15-19,Males,2009,312485
Hungary,15-19,Males,2010,308679
Hungary,15-19,Males,2011,301433
Hungary,15-19,Males,2012,291004
Hungary,15-19,Females,2002,321611
Hungary,15-19,Females,2003,316852
Hungary,15-19,Females,2004,313686
Hungary,15-19,Females,2005,310598
Hungary,15-19,Females,2006,307067
Hungary,15-19,Females,2007,304785
Hungary,15-19,Females,2008,302749
Hungary,15-19,Females,2009,298807
Hungary,15-19,Females,2010,295114
Hungary,15-19,Females,2011,287568
Hungary,15-19,Females,2012,277217
Hungary,20-24,Males,2002,400369
Hungary,20-24,Males,2003,383483
Hungary,20-24,Males,2004,366201
Hungary,20-24,Males,2005,350875
Hungary,20-24,Males,2006,343866
Hungary,20-24,Males,2007,336542
Hungary,20-24,Males,2008,332060
Hungary,20-24,Males,2009,330172
Hungary,20-24,Males,2010,331682
Hungary,20-24,Males,2011,328303
Hungary,20-24,Males,2012,326966
Hungary,20-24,Females,2002,381401
Hungary,20-24,Females,2003,364323
Hungary,20-24,Females,2004,349429
Hungary,20-24,Females,2005,336821
Hungary,20-24,Females,2006,331566
Hungary,20-24,Females,2007,325797
Hungary,20-24,Females,2008,321378
Hungary,20-24,Females,2009,318424
Hungary,20-24,Females,2010,317942
Hungary,20-24,Females,2011,314375
Hungary,20-24,Females,2012,312108
Hungary,25-29,Males,2002,417376
Hungary,25-29,Males,2003,428425
Hungary,25-29,Males,2004,437972
Hungary,25-29,Males,2005,431966
Hungary,25-29,Males,2006,417786
Hungary,25-29,Males,2007,402727
Hungary,25-29,Males,2008,387300
Hungary,25-29,Males,2009,371369
Hungary,25-29,Males,2010,357194
Hungary,25-29,Males,2011,349125
Hungary,25-29,Males,2012,342505
Hungary,25-29,Females,2002,401824
Hungary,25-29,Females,2003,413333
Hungary,25-29,Females,2004,421713
Hungary,25-29,Females,2005,414201
Hungary,25-29,Females,2006,399708
Hungary,25-29,Females,2007,385623
Hungary,25-29,Females,2008,369140
Hungary,25-29,Females,2009,355357
Hungary,25-29,Females,2010,342773
Hungary,25-29,Females,2011,335856
Hungary,25-29,Females,2012,330982
Hungary,40+,Males,2002,2166346
Hungary,40+,Males,2003,2159354
Hungary,40+,Males,2004,2155016
Hungary,40+,Males,2005,2152824
Hungary,40+,Males,2006,2150621
Hungary,40+,Males,2007,2154561
Hungary,40+,Males,2008,2161501
Hungary,40+,Males,2009,2173982
Hungary,40+,Males,2010,2183801
Hungary,40+,Males,2011,2196164
Hungary,40+,Males,2012,2207470
Hungary,40+,Females,2002,2765124
Hungary,40+,Females,2003,2763284
Hungary,40+,Females,2004,2763458
Hungary,40+,Females,2005,2765187
Hungary,40+,Females,2006,2762317
Hungary,40+,Females,2007,2767271
Hungary,40+,Females,2008,2774663
Hungary,40+,Females,2009,2786292
Hungary,40+,Females,2010,2795103
Hungary,40+,Females,2011,2804705
Hungary,40+,Females,2012,2812213
Iceland,15-19,Males,2002,10456
Iceland,15-19,Males,2003,10385
Iceland,15-19,Males,2004,10704
Iceland,15-19,Males,2005,10879
Iceland,15-19,Males,2006,11486
Iceland,15-19,Males,2007,11870
Iceland,15-19,Males,2008,12161
Iceland,15-19,Males,2009,12198
Iceland,15-19,Males,2010,12182
Iceland,15-19,Males,2011,11942
Iceland,15-19,Males,2012,11878
Iceland,15-19,Females,2002,10242
Iceland,15-19,Females,2003,10107
Iceland,15-19,Females,2004,10228
Iceland,15-19,Females,2005,10438
Iceland,15-19,Females,2006,10852
Iceland,15-19,Females,2007,11147
Iceland,15-19,Females,2008,11524
Iceland,15-19,Females,2009,11678
Iceland,15-19,Females,2010,11617
Iceland,15-19,Females,2011,11309
Iceland,15-19,Females,2012,11309
Iceland,20-24,Males,2002,11099
Iceland,20-24,Males,2003,11292
Iceland,20-24,Males,2004,11230
Iceland,20-24,Males,2005,11087
Iceland,20-24,Males,2006,10954
Iceland,20-24,Males,2007,11005
Iceland,20-24,Males,2008,11581
Iceland,20-24,Males,2009,11937
Iceland,20-24,Males,2010,11644
Iceland,20-24,Males,2011,12042
Iceland,20-24,Males,2012,12304
Iceland,20-24,Females,2002,10920
Iceland,20-24,Females,2003,10943
Iceland,20-24,Females,2004,10863
Iceland,20-24,Females,2005,10635
Iceland,20-24,Females,2006,10591
Iceland,20-24,Females,2007,10627
Iceland,20-24,Females,2008,11023
Iceland,20-24,Females,2009,11410
Iceland,20-24,Females,2010,11350
Iceland,20-24,Females,2011,11538
Iceland,20-24,Females,2012,11695
Iceland,25-29,Males,2002,10943
Iceland,25-29,Males,2003,10640
Iceland,25-29,Males,2004,10346
Iceland,25-29,Males,2005,10532
Iceland,25-29,Males,2006,11127
Iceland,25-29,Males,2007,11868
Iceland,25-29,Males,2008,12977
Iceland,25-29,Males,2009,13206
Iceland,25-29,Males,2010,12358
Iceland,25-29,Males,2011,11816
Iceland,25-29,Males,2012,11351
Iceland,25-29,Females,2002,10641
Iceland,25-29,Females,2003,10387
Iceland,25-29,Females,2004,10209
Iceland,25-29,Females,2005,10432
Iceland,25-29,Females,2006,10783
Iceland,25-29,Females,2007,11125
Iceland,25-29,Females,2008,11690
Iceland,25-29,Females,2009,12072
Iceland,25-29,Females,2010,11747
Iceland,25-29,Females,2011,11384
Iceland,25-29,Females,2012,11142
Iceland,40+,Males,2002,56049
Iceland,40+,Males,2003,57281
Iceland,40+,Males,2004,58645
Iceland,40+,Males,2005,60152
Iceland,40+,Males,2006,62549
Iceland,40+,Males,2007,65541
Iceland,40+,Males,2008,66920
Iceland,40+,Males,2009,67213
Iceland,40+,Males,2010,67091
Iceland,40+,Males,2011,67566
Iceland,40+,Males,2012,68375
Iceland,40+,Females,2002,58236
Iceland,40+,Females,2003,59583
Iceland,40+,Females,2004,60934
Iceland,40+,Females,2005,62376
Iceland,40+,Females,2006,63871
Iceland,40+,Females,2007,65394
Iceland,40+,Females,2008,66898
Iceland,40+,Females,2009,68069
Iceland,40+,Females,2010,68984
Iceland,40+,Females,2011,69863
Iceland,40+,Females,2012,70874
Ireland,15-19,Males,2002,164457
Ireland,15-19,Males,2003,157840
Ireland,15-19,Males,2004,154818
Ireland,15-19,Males,2005,152099
Ireland,15-19,Males,2006,150807
Ireland,15-19,Males,2007,148241
Ireland,15-19,Males,2008,144764
Ireland,15-19,Males,2009,142522
Ireland,15-19,Males,2010,139832
Ireland,15-19,Males,2011,144698
Ireland,15-19,Males,2012,141913
Ireland,15-19,Females,2002,155843
Ireland,15-19,Females,2003,150642
Ireland,15-19,Females,2004,147482
Ireland,15-19,Females,2005,145107
Ireland,15-19,Females,2006,143916
Ireland,15-19,Females,2007,142016
Ireland,15-19,Females,2008,139653
Ireland,15-19,Females,2009,137429
Ireland,15-19,Females,2010,134819
Ireland,15-19,Females,2011,138439
Ireland,15-19,Females,2012,135158
Ireland,20-24,Males,2002,172266
Ireland,20-24,Males,2003,167510
Ireland,20-24,Males,2004,169853
Ireland,20-24,Males,2005,171098
Ireland,20-24,Males,2006,173295
Ireland,20-24,Males,2007,172766
Ireland,20-24,Males,2008,168019
Ireland,20-24,Males,2009,152909
Ireland,20-24,Males,2010,137115
Ireland,20-24,Males,2011,151488
Ireland,20-24,Males,2012,141075
Ireland,20-24,Females,2002,171159
Ireland,20-24,Females,2003,166494
Ireland,20-24,Females,2004,168227
Ireland,20-24,Females,2005,169603
Ireland,20-24,Females,2006,170697
Ireland,20-24,Females,2007,169709
Ireland,20-24,Females,2008,169447
Ireland,20-24,Females,2009,159185
Ireland,20-24,Females,2010,145865
Ireland,20-24,Females,2011,154021
Ireland,20-24,Females,2012,141877
Ireland,25-29,Males,2002,163763
Ireland,25-29,Males,2003,158588
Ireland,25-29,Males,2004,163688
Ireland,25-29,Males,2005,174691
Ireland,25-29,Males,2006,189471
Ireland,25-29,Males,2007,189252
Ireland,25-29,Males,2008,208223
Ireland,25-29,Males,2009,205787
Ireland,25-29,Males,2010,194732
Ireland,25-29,Males,2011,177856
Ireland,25-29,Males,2012,166377
Ireland,25-29,Females,2002,161264
Ireland,25-29,Females,2003,158436
Ireland,25-29,Females,2004,163087
Ireland,25-29,Females,2005,171226
Ireland,25-29,Females,2006,184098
Ireland,25-29,Females,2007,183826
Ireland,25-29,Females,2008,205569
Ireland,25-29,Females,2009,208414
Ireland,25-29,Females,2010,202794
Ireland,25-29,Females,2011,189714
Ireland,25-29,Females,2012,180238
Ireland,40+,Males,2002,728989
Ireland,40+,Males,2003,756571
Ireland,40+,Males,2004,774233
Ireland,40+,Males,2005,794148
Ireland,40+,Males,2006,815722
Ireland,40+,Males,2007,826570
Ireland,40+,Males,2008,855385
Ireland,40+,Males,2009,875440
Ireland,40+,Males,2010,893898
Ireland,40+,Males,2011,921534
Ireland,40+,Males,2012,940356
Ireland,40+,Females,2002,785411
Ireland,40+,Females,2003,810333
Ireland,40+,Females,2004,828063
Ireland,40+,Females,2005,847757
Ireland,40+,Females,2006,868163
Ireland,40+,Females,2007,871553
Ireland,40+,Females,2008,901006
Ireland,40+,Females,2009,920215
Ireland,40+,Females,2010,939889
Ireland,40+,Females,2011,967585
Ireland,40+,Females,2012,988948
Italy,15-19,Males,2002,1511323
Italy,15-19,Males,2003,1483513
Italy,15-19,Males,2004,1485255
Italy,15-19,Males,2005,1484870
Italy,15-19,Males,2006,1496302
Italy,15-19,Males,2007,1513012
Italy,15-19,Males,2008,1535010
Italy,15-19,Males,2009,1529906
Italy,15-19,Males,2010,1527934
Italy,15-19,Males,2011,1512045
Italy,15-19,Males,2012,1497013
Italy,15-19,Females,2002,1438562
Italy,15-19,Females,2003,1409058
Italy,15-19,Females,2004,1409640
Italy,15-19,Females,2005,1404389
Italy,15-19,Females,2006,1412957
Italy,15-19,Females,2007,1428221
Italy,15-19,Females,2008,1447484
Italy,15-19,Females,2009,1447857
Italy,15-19,Females,2010,1439427
Italy,15-19,Females,2011,1422572
Italy,15-19,Females,2012,1409062
Italy,20-24,Males,2002,1724580
Italy,20-24,Males,2003,1675683
Italy,20-24,Males,2004,1658383
Italy,20-24,Males,2005,1639516
Italy,20-24,Males,2006,1611805
Italy,20-24,Males,2007,1583603
Italy,20-24,Males,2008,1579522
Italy,20-24,Males,2009,1587413
Italy,20-24,Males,2010,1591662
Italy,20-24,Males,2011,1601216
Italy,20-24,Males,2012,1609361
Italy,20-24,Females,2002,1670715
Italy,20-24,Females,2003,1617381
Italy,20-24,Females,2004,1603947
Italy,20-24,Females,2005,1570091
Italy,20-24,Females,2006,1550915
Italy,20-24,Females,2007,1526150
Italy,20-24,Females,2008,1518274
Italy,20-24,Females,2009,1531286
Italy,20-24,Females,2010,1526730
Italy,20-24,Females,2011,1533400
Italy,20-24,Females,2012,1538910
Italy,25-29,Males,2002,2132795
Italy,25-29,Males,2003,2077075
Italy,25-29,Males,2004,2051346
Italy,25-29,Males,2005,1997557
Italy,25-29,Males,2006,1926119
Italy,25-29,Males,2007,1860591
Italy,25-29,Males,2008,1825851
Italy,25-29,Males,2009,1798741
Italy,25-29,Males,2010,1766298
Italy,25-29,Males,2011,1748227
Italy,25-29,Males,2012,1726294
Italy,25-29,Females,2002,2097270
Italy,25-29,Females,2003,2036242
Italy,25-29,Females,2004,2010992
Italy,25-29,Females,2005,1938484
Italy,25-29,Females,2006,1872275
Italy,25-29,Females,2007,1815702
Italy,25-29,Females,2008,1789761
Italy,25-29,Females,2009,1772248
Italy,25-29,Females,2010,1738236
Italy,25-29,Females,2011,1723039
Italy,25-29,Females,2012,1695630
Italy,40+,Males,2002,13436363
Italy,40+,Males,2003,13676199
Italy,40+,Males,2004,13919186
Italy,40+,Males,2005,14231530
Italy,40+,Males,2006,14478917
Italy,40+,Males,2007,14768356
Italy,40+,Males,2008,15024614
Italy,40+,Males,2009,15263691
Italy,40+,Males,2010,15504258
Italy,40+,Males,2011,15724891
Italy,40+,Males,2012,15944683
Italy,40+,Females,2002,15688899
Italy,40+,Females,2003,15926811
Italy,40+,Females,2004,16151616
Italy,40+,Females,2005,16477091
Italy,40+,Females,2006,16704330
Italy,40+,Females,2007,16979931
Italy,40+,Females,2008,17249806
Italy,40+,Females,2009,17477026
Italy,40+,Females,2010,17752566
Italy,40+,Females,2011,17997482
Italy,40+,Females,2012,18220707
Japan,15-19,Males,2002,3767000
Japan,15-19,Males,2003,3687000
Japan,15-19,Males,2004,3589000
Japan,15-19,Males,2005,3466000
Japan,15-19,Males,2006,3373430
Japan,15-19,Males,2007,3296000
Japan,15-19,Males,2008,3220000
Japan,15-19,Males,2009,3152000
Japan,15-19,Males,2010,3112000
Japan,15-19,Males,2011,3127000
Japan,15-19,Males,2012,3118000
Japan,15-19,Females,2002,3584000
Japan,15-19,Females,2003,3507000
Japan,15-19,Females,2004,3409000
Japan,15-19,Females,2005,3294000
Japan,15-19,Females,2006,3194950
Japan,15-19,Females,2007,3128000
Japan,15-19,Females,2008,3062000
Japan,15-19,Females,2009,3003000
Japan,15-19,Females,2010,2966000
Japan,15-19,Females,2011,2966000
Japan,15-19,Females,2012,2958000
Japan,20-24,Males,2002,4197000
Japan,20-24,Males,2003,4103000
Japan,20-24,Males,2004,4024000
Japan,20-24,Males,2005,3955000
Japan,20-24,Males,2006,3754822
Japan,20-24,Males,2007,3749000
Japan,20-24,Males,2008,3717000
Japan,20-24,Males,2009,3650000
Japan,20-24,Males,2010,3550000
Japan,20-24,Males,2011,3327000
Japan,20-24,Males,2012,3254000
Japan,20-24,Females,2002,4004000
Japan,20-24,Females,2003,3911000
Japan,20-24,Females,2004,3835000
Japan,20-24,Females,2005,3770000
Japan,20-24,Females,2006,3595776
Japan,20-24,Females,2007,3563000
Japan,20-24,Females,2008,3521000
Japan,20-24,Females,2009,3455000
Japan,20-24,Females,2010,3363000
Japan,20-24,Females,2011,3197000
Japan,20-24,Females,2012,3116000
Japan,25-29,Males,2002,4923000
Japan,25-29,Males,2003,4786000
Japan,25-29,Males,2004,4629000
Japan,25-29,Males,2005,4461000
Japan,25-29,Males,2006,4198551
Japan,25-29,Males,2007,4073000
Japan,25-29,Males,2008,3967000
Japan,25-29,Males,2009,3892000
Japan,25-29,Males,2010,3832000
Japan,25-29,Males,2011,3755000
Japan,25-29,Males,2012,3673000
Japan,25-29,Females,2002,4780000
Japan,25-29,Females,2003,4645000
Japan,25-29,Females,2004,4476000
Japan,25-29,Females,2005,4295000
Japan,25-29,Females,2006,4081498
Japan,25-29,Females,2007,3941000
Japan,25-29,Females,2008,3828000
Japan,25-29,Females,2009,3738000
Japan,25-29,Females,2010,3670000
Japan,25-29,Females,2011,3636000
Japan,25-29,Females,2012,3546000
Japan,40+,Males,2002,31229000
Japan,40+,Males,2003,31442000
Japan,40+,Males,2004,31728000
Japan,40+,Males,2005,32008000
Japan,40+,Males,2006,32422707
Japan,40+,Males,2007,32708000
Japan,40+,Males,2008,33034000
Japan,40+,Males,2009,33330000
Japan,40+,Males,2010,33639000
Japan,40+,Males,2011,34221000
Japan,40+,Males,2012,34554000
Japan,40+,Females,2002,35189000
Japan,40+,Females,2003,35498000
Japan,40+,Females,2004,35857000
Japan,40+,Females,2005,36225000
Japan,40+,Females,2006,36652047
Japan,40+,Females,2007,36960000
Japan,40+,Females,2008,37341000
Japan,40+,Females,2009,37691000
Japan,40+,Females,2010,38061000
Japan,40+,Females,2011,38703000
Japan,40+,Females,2012,39070000
Korea,15-19,Males,2002,1775322
Korea,15-19,Males,2003,1693339
Korea,15-19,Males,2004,1636580
Korea,15-19,Males,2005,1644620
Korea,15-19,Males,2006,1652750
Korea,15-19,Males,2007,1688591
Korea,15-19,Males,2008,1738188
Korea,15-19,Males,2009,1781088
Korea,15-19,Males,2010,1807825
Korea,15-19,Males,2011,1839509
Korea,15-19,Males,2012,1811944
Korea,15-19,Females,2002,1631355
Korea,15-19,Females,2003,1543990
Korea,15-19,Females,2004,1479950
Korea,15-19,Females,2005,1491847
Korea,15-19,Females,2006,1489091
Korea,15-19,Females,2007,1508821
Korea,15-19,Females,2008,1538473
Korea,15-19,Females,2009,1569278
Korea,15-19,Females,2010,1594441
Korea,15-19,Females,2011,1628970
Korea,15-19,Females,2012,1611747
Korea,20-24,Males,2002,2067228
Korea,20-24,Males,2003,2084727
Korea,20-24,Males,2004,2065189
Korea,20-24,Males,2005,1933242
Korea,20-24,Males,2006,1849930
Korea,20-24,Males,2007,1758983
Korea,20-24,Males,2008,1685748
Korea,20-24,Males,2009,1647301
Korea,20-24,Males,2010,1641439
Korea,20-24,Males,2011,1733186
Korea,20-24,Males,2012,1777680
Korea,20-24,Females,2002,1945215
Korea,20-24,Females,2003,1955542
Korea,20-24,Females,2004,1923023
Korea,20-24,Females,2005,1809405
Korea,20-24,Females,2006,1718341
Korea,20-24,Females,2007,1627002
Korea,20-24,Females,2008,1550575
Korea,20-24,Females,2009,1498331
Korea,20-24,Females,2010,1471727
Korea,20-24,Females,2011,1541622
Korea,20-24,Females,2012,1567566
Korea,25-29,Males,2002,2092371
Korea,25-29,Males,2003,2022002
Korea,25-29,Males,2004,2001577
Korea,25-29,Males,2005,1980036
Korea,25-29,Males,2006,2005962
Korea,25-29,Males,2007,2032943
Korea,25-29,Males,2008,2033618
Korea,25-29,Males,2009,1995603
Korea,25-29,Males,2010,1921508
Korea,25-29,Males,2011,1890165
Korea,25-29,Males,2012,1810080
Korea,25-29,Females,2002,1956971
Korea,25-29,Females,2003,1891809
Korea,25-29,Females,2004,1858666
Korea,25-29,Females,2005,1863986
Korea,25-29,Females,2006,1887023
Korea,25-29,Females,2007,1910539
Korea,25-29,Females,2008,1911523
Korea,25-29,Females,2009,1873965
Korea,25-29,Females,2010,1799133
Korea,25-29,Females,2011,1751164
Korea,25-29,Females,2012,1663674
Korea,40+,Males,2002,8490105
Korea,40+,Males,2003,8800056
Korea,40+,Males,2004,9137454.01
Korea,40+,Males,2005,9399073
Korea,40+,Males,2006,9695459
Korea,40+,Males,2007,9986859
Korea,40+,Males,2008,10277133
Korea,40+,Males,2009,10573074
Korea,40+,Males,2010,10875757
Korea,40+,Males,2011,11301358
Korea,40+,Males,2012,11617050
Korea,40+,Females,2002,9323826
Korea,40+,Females,2003,9649070
Korea,40+,Females,2004,9959782
Korea,40+,Females,2005,10240270
Korea,40+,Females,2006,10533932
Korea,40+,Females,2007,10827138
Korea,40+,Females,2008,11130421
Korea,40+,Females,2009,11443041
Korea,40+,Females,2010,11757139
Korea,40+,Females,2011,12233276
Korea,40+,Females,2012,12575116
Luxembourg,15-19,Males,2002,12716
Luxembourg,15-19,Males,2003,12869
Luxembourg,15-19,Males,2004,13163
Luxembourg,15-19,Males,2005,13347
Luxembourg,15-19,Males,2006,13977
Luxembourg,15-19,Males,2007,14289
Luxembourg,15-19,Males,2008,14643
Luxembourg,15-19,Males,2009,15002
Luxembourg,15-19,Males,2010,15266
Luxembourg,15-19,Males,2011,15547
Luxembourg,15-19,Males,2012,16148
Luxembourg,15-19,Females,2002,12204
Luxembourg,15-19,Females,2003,12293
Luxembourg,15-19,Females,2004,12656
Luxembourg,15-19,Females,2005,12965
Luxembourg,15-19,Females,2006,13399
Luxembourg,15-19,Females,2007,13607
Luxembourg,15-19,Females,2008,13980
Luxembourg,15-19,Females,2009,14136
Luxembourg,15-19,Females,2010,14538
Luxembourg,15-19,Females,2011,14838
Luxembourg,15-19,Females,2012,15409
Luxembourg,20-24,Males,2002,13099
Luxembourg,20-24,Males,2003,13088
Luxembourg,20-24,Males,2004,13260
Luxembourg,20-24,Males,2005,13500
Luxembourg,20-24,Males,2006,14337
Luxembourg,20-24,Males,2007,14414
Luxembourg,20-24,Males,2008,14582
Luxembourg,20-24,Males,2009,14923
Luxembourg,20-24,Males,2010,15105
Luxembourg,20-24,Males,2011,15616
Luxembourg,20-24,Males,2012,16499
Luxembourg,20-24,Females,2002,12855
Luxembourg,20-24,Females,2003,12849
Luxembourg,20-24,Females,2004,12663
Luxembourg,20-24,Females,2005,12633
Luxembourg,20-24,Females,2006,13609
Luxembourg,20-24,Females,2007,13818
Luxembourg,20-24,Females,2008,13942
Luxembourg,20-24,Females,2009,14322
Luxembourg,20-24,Females,2010,14646
Luxembourg,20-24,Females,2011,15055
Luxembourg,20-24,Females,2012,15661
Luxembourg,25-29,Males,2002,15198
Luxembourg,25-29,Males,2003,15113
Luxembourg,25-29,Males,2004,14880
Luxembourg,25-29,Males,2005,14694
Luxembourg,25-29,Males,2006,15623
Luxembourg,25-29,Males,2007,16020
Luxembourg,25-29,Males,2008,16454
Luxembourg,25-29,Males,2009,17001
Luxembourg,25-29,Males,2010,17485
Luxembourg,25-29,Males,2011,17853
Luxembourg,25-29,Males,2012,18432
Luxembourg,25-29,Females,2002,15286
Luxembourg,25-29,Females,2003,15091
Luxembourg,25-29,Females,2004,14829
Luxembourg,25-29,Females,2005,14462
Luxembourg,25-29,Females,2006,15484
Luxembourg,25-29,Females,2007,15888
Luxembourg,25-29,Females,2008,16455
Luxembourg,25-29,Females,2009,16893
Luxembourg,25-29,Females,2010,17215
Luxembourg,25-29,Females,2011,17429
Luxembourg,25-29,Females,2012,18186
Luxembourg,40+,Males,2002,96308
Luxembourg,40+,Males,2003,97923
Luxembourg,40+,Males,2004,100034
Luxembourg,40+,Males,2005,102460
Luxembourg,40+,Males,2006,105851
Luxembourg,40+,Males,2007,108615
Luxembourg,40+,Males,2008,111226
Luxembourg,40+,Males,2009,114371
Luxembourg,40+,Males,2010,117317
Luxembourg,40+,Males,2011,120422
Luxembourg,40+,Males,2012,124728
Luxembourg,40+,Females,2002,106165
Luxembourg,40+,Females,2003,107766
Luxembourg,40+,Females,2004,109692
Luxembourg,40+,Females,2005,111981
Luxembourg,40+,Females,2006,114760
Luxembourg,40+,Females,2007,117077
Luxembourg,40+,Females,2008,119425
Luxembourg,40+,Females,2009,122020
Luxembourg,40+,Females,2010,124568
Luxembourg,40+,Females,2011,127387
Luxembourg,40+,Females,2012,130221
Mexico,15-19,Males,2002,5373671
Mexico,15-19,Males,2003,5400426
Mexico,15-19,Males,2004,5425993
Mexico,15-19,Males,2005,5195659
Mexico,15-19,Males,2006,5220747
Mexico,15-19,Males,2007,5244082
Mexico,15-19,Males,2008,5258911
Mexico,15-19,Males,2009,5263137
Mexico,15-19,Males,2010,5258308
Mexico,15-19,Males,2011,5245085
Mexico,15-19,Males,2012,5559613.35
Mexico,15-19,Females,2002,5250094
Mexico,15-19,Females,2003,5273436
Mexico,15-19,Females,2004,5294015
Mexico,15-19,Females,2005,5159624
Mexico,15-19,Females,2006,5179792
Mexico,15-19,Females,2007,5199932
Mexico,15-19,Females,2008,5213883
Mexico,15-19,Females,2009,5219882
Mexico,15-19,Females,2010,5217933
Mexico,15-19,Females,2011,5208004
Mexico,15-19,Females,2012,5539950.85
Mexico,20-24,Males,2002,4972392
Mexico,20-24,Males,2003,5009136
Mexico,20-24,Males,2004,5045196
Mexico,20-24,Males,2005,4655243
Mexico,20-24,Males,2006,4675611
Mexico,20-24,Males,2007,4704306
Mexico,20-24,Males,2008,4740119
Mexico,20-24,Males,2009,4774959
Mexico,20-24,Males,2010,4806019
Mexico,20-24,Males,2011,4833713
Mexico,20-24,Males,2012,5003392.08
Mexico,20-24,Females,2002,4932479
Mexico,20-24,Females,2003,4967008
Mexico,20-24,Females,2004,5001001
Mexico,20-24,Females,2005,4826816
Mexico,20-24,Females,2006,4846633
Mexico,20-24,Females,2007,4867691
Mexico,20-24,Females,2008,4890533
Mexico,20-24,Females,2009,4912419
Mexico,20-24,Females,2010,4933038
Mexico,20-24,Females,2011,4953846
Mexico,20-24,Females,2012,5222009.71
Mexico,25-29,Males,2002,4523134
Mexico,25-29,Males,2003,4579670
Mexico,25-29,Males,2004,4628632
Mexico,25-29,Males,2005,4294224
Mexico,25-29,Males,2006,4289907
Mexico,25-29,Males,2007,4294196
Mexico,25-29,Males,2008,4309904
Mexico,25-29,Males,2009,4332911
Mexico,25-29,Males,2010,4361376
Mexico,25-29,Males,2011,4392780
Mexico,25-29,Males,2012,4511869.56
Mexico,25-29,Females,2002,4553753
Mexico,25-29,Females,2003,4608404
Mexico,25-29,Females,2004,4655352
Mexico,25-29,Females,2005,4531642
Mexico,25-29,Females,2006,4544907
Mexico,25-29,Females,2007,4563383
Mexico,25-29,Females,2008,4588471
Mexico,25-29,Females,2009,4616337
Mexico,25-29,Females,2010,4644494
Mexico,25-29,Females,2011,4670216
Mexico,25-29,Females,2012,4899584.23
Mexico,40+,Males,2002,11436303
Mexico,40+,Males,2003,11875146
Mexico,40+,Males,2004,12326784
Mexico,40+,Males,2005,12337513
Mexico,40+,Males,2006,12783192
Mexico,40+,Males,2007,13244343
Mexico,40+,Males,2008,13718902
Mexico,40+,Males,2009,14201639
Mexico,40+,Males,2010,14690366
Mexico,40+,Males,2011,15184484
Mexico,40+,Males,2012,15993341.07
Mexico,40+,Females,2002,12503017
Mexico,40+,Females,2003,12982399
Mexico,40+,Females,2004,13475828
Mexico,40+,Females,2005,13607074
Mexico,40+,Females,2006,14104971
Mexico,40+,Females,2007,14617139
Mexico,40+,Females,2008,15141712
Mexico,40+,Females,2009,15677754
Mexico,40+,Females,2010,16223573
Mexico,40+,Females,2011,16778929
Mexico,40+,Females,2012,17870984.47
Netherlands,15-19,Males,2002,483021
Netherlands,15-19,Males,2003,491763
Netherlands,15-19,Males,2004,497718
Netherlands,15-19,Males,2005,500280
Netherlands,15-19,Males,2006,506372
Netherlands,15-19,Males,2007,510433
Netherlands,15-19,Males,2008,513486
Netherlands,15-19,Males,2009,516252
Netherlands,15-19,Males,2010,519322
Netherlands,15-19,Males,2011,514830
Netherlands,15-19,Males,2012,511084
Netherlands,15-19,Females,2002,459367
Netherlands,15-19,Females,2003,467148
Netherlands,15-19,Females,2004,474135
Netherlands,15-19,Females,2005,479103
Netherlands,15-19,Females,2006,484670
Netherlands,15-19,Females,2007,488055
Netherlands,15-19,Females,2008,491240
Netherlands,15-19,Females,2009,494275
Netherlands,15-19,Females,2010,496101
Netherlands,15-19,Females,2011,491914
Netherlands,15-19,Females,2012,487011
Netherlands,20-24,Males,2002,490153
Netherlands,20-24,Males,2003,491819
Netherlands,20-24,Males,2004,489597
Netherlands,20-24,Males,2005,490059
Netherlands,20-24,Males,2006,487458
Netherlands,20-24,Males,2007,488388
Netherlands,20-24,Males,2008,494597
Netherlands,20-24,Males,2009,504317
Netherlands,20-24,Males,2010,511916
Netherlands,20-24,Males,2011,522667
Netherlands,20-24,Males,2012,530628
Netherlands,20-24,Females,2002,480203
Netherlands,20-24,Females,2003,481009
Netherlands,20-24,Females,2004,479266
Netherlands,20-24,Females,2005,479293
Netherlands,20-24,Females,2006,477286
Netherlands,20-24,Females,2007,477647
Netherlands,20-24,Females,2008,483160
Netherlands,20-24,Females,2009,492542
Netherlands,20-24,Females,2010,500994
Netherlands,20-24,Females,2011,512062
Netherlands,20-24,Females,2012,518909
Netherlands,25-29,Males,2002,540287
Netherlands,25-29,Males,2003,518928
Netherlands,25-29,Males,2004,507286
Netherlands,25-29,Males,2005,498002
Netherlands,25-29,Males,2006,497244
Netherlands,25-29,Males,2007,495146
Netherlands,25-29,Males,2008,495721
Netherlands,25-29,Males,2009,498376
Netherlands,25-29,Males,2010,503012
Netherlands,25-29,Males,2011,504117
Netherlands,25-29,Males,2012,509383
Netherlands,25-29,Females,2002,531807
Netherlands,25-29,Females,2003,512251
Netherlands,25-29,Females,2004,501915
Netherlands,25-29,Females,2005,494925
Netherlands,25-29,Females,2006,494631
Netherlands,25-29,Females,2007,494331
Netherlands,25-29,Females,2008,493985
Netherlands,25-29,Females,2009,493597
Netherlands,25-29,Females,2010,496343
Netherlands,25-29,Females,2011,497421
Netherlands,25-29,Females,2012,501928
Netherlands,40+,Males,2002,3577627
Netherlands,40+,Males,2003,3641006
Netherlands,40+,Males,2004,3705451
Netherlands,40+,Males,2005,3772089
Netherlands,40+,Males,2006,3833935
Netherlands,40+,Males,2007,3892867
Netherlands,40+,Males,2008,3953065
Netherlands,40+,Males,2009,4016584
Netherlands,40+,Males,2010,4086799
Netherlands,40+,Males,2011,4151092
Netherlands,40+,Males,2012,4210073
Netherlands,40+,Females,2002,3901295
Netherlands,40+,Females,2003,3958397
Netherlands,40+,Females,2004,4016458
Netherlands,40+,Females,2005,4077697
Netherlands,40+,Females,2006,4134809
Netherlands,40+,Females,2007,4188886
Netherlands,40+,Females,2008,4244821
Netherlands,40+,Females,2009,4301757
Netherlands,40+,Females,2010,4367084
Netherlands,40+,Females,2011,4428289
Netherlands,40+,Females,2012,4483628
New Zealand,15-19,Males,2002,146950
New Zealand,15-19,Males,2003,151420
New Zealand,15-19,Males,2004,153960
New Zealand,15-19,Males,2005,156520
New Zealand,15-19,Males,2006,159640
New Zealand,15-19,Males,2007,162720
New Zealand,15-19,Males,2008,164710
New Zealand,15-19,Males,2009,165320
New Zealand,15-19,Males,2010,165510
New Zealand,15-19,Males,2011,163280
New Zealand,15-19,Males,2012,160040
New Zealand,15-19,Females,2002,139930
New Zealand,15-19,Females,2003,144300
New Zealand,15-19,Females,2004,146740
New Zealand,15-19,Females,2005,149470
New Zealand,15-19,Females,2006,152470
New Zealand,15-19,Females,2007,156790
New Zealand,15-19,Females,2008,157840
New Zealand,15-19,Females,2009,157890
New Zealand,15-19,Females,2010,156880
New Zealand,15-19,Females,2011,154040
New Zealand,15-19,Females,2012,151250
New Zealand,20-24,Males,2002,133580
New Zealand,20-24,Males,2003,141820
New Zealand,20-24,Males,2004,145970
New Zealand,20-24,Males,2005,148150
New Zealand,20-24,Males,2006,149370
New Zealand,20-24,Males,2007,147270
New Zealand,20-24,Males,2008,149810
New Zealand,20-24,Males,2009,154940
New Zealand,20-24,Males,2010,161390
New Zealand,20-24,Males,2011,167650
New Zealand,20-24,Males,2012,171040
New Zealand,20-24,Females,2002,131590
New Zealand,20-24,Females,2003,137330
New Zealand,20-24,Females,2004,140270
New Zealand,20-24,Females,2005,141690
New Zealand,20-24,Females,2006,142600
New Zealand,20-24,Females,2007,145870
New Zealand,20-24,Females,2008,146830
New Zealand,20-24,Females,2009,149360
New Zealand,20-24,Females,2010,153830
New Zealand,20-24,Females,2011,157460
New Zealand,20-24,Females,2012,159140
New Zealand,25-29,Males,2002,122680
New Zealand,25-29,Males,2003,122180
New Zealand,25-29,Males,2004,124020
New Zealand,25-29,Males,2005,125710
New Zealand,25-29,Males,2006,128630
New Zealand,25-29,Males,2007,130000
New Zealand,25-29,Males,2008,134000
New Zealand,25-29,Males,2009,138640
New Zealand,25-29,Males,2010,143180
New Zealand,25-29,Males,2011,146430
New Zealand,25-29,Males,2012,149560
New Zealand,25-29,Females,2002,129260
New Zealand,25-29,Females,2003,126930
New Zealand,25-29,Females,2004,128370
New Zealand,25-29,Females,2005,128970
New Zealand,25-29,Females,2006,131110
New Zealand,25-29,Females,2007,135930
New Zealand,25-29,Females,2008,138990
New Zealand,25-29,Females,2009,142010
New Zealand,25-29,Females,2010,145230
New Zealand,25-29,Females,2011,147240
New Zealand,25-29,Females,2012,148340
New Zealand,40+,Males,2002,791510
New Zealand,40+,Males,2003,814690
New Zealand,40+,Males,2004,833700
New Zealand,40+,Males,2005,851970
New Zealand,40+,Males,2006,869460
New Zealand,40+,Males,2007,893160
New Zealand,40+,Males,2008,909530
New Zealand,40+,Males,2009,926720
New Zealand,40+,Males,2010,943670
New Zealand,40+,Males,2011,959690
New Zealand,40+,Males,2012,974300
New Zealand,40+,Females,2002,865260
New Zealand,40+,Females,2003,889080
New Zealand,40+,Females,2004,908550
New Zealand,40+,Females,2005,927280
New Zealand,40+,Females,2006,945550
New Zealand,40+,Females,2007,975760
New Zealand,40+,Females,2008,994280
New Zealand,40+,Females,2009,1013360
New Zealand,40+,Females,2010,1032910
New Zealand,40+,Females,2011,1052030
New Zealand,40+,Females,2012,1069490
Norway,15-19,Males,2002,137880
Norway,15-19,Males,2003,139590
Norway,15-19,Males,2004,143496
Norway,15-19,Males,2005,148355
Norway,15-19,Males,2006,153434
Norway,15-19,Males,2007,157915
Norway,15-19,Males,2008,162135
Norway,15-19,Males,2009,163961
Norway,15-19,Males,2010,165748
Norway,15-19,Males,2011,167124
Norway,15-19,Males,2012,167828
Norway,15-19,Females,2002,130323
Norway,15-19,Females,2003,132490
Norway,15-19,Females,2004,136324
Norway,15-19,Females,2005,140688
Norway,15-19,Females,2006,145741
Norway,15-19,Females,2007,150355
Norway,15-19,Females,2008,153434
Norway,15-19,Females,2009,155253
Norway,15-19,Females,2010,156284
Norway,15-19,Females,2011,156500
Norway,15-19,Females,2012,157162
Norway,20-24,Males,2002,138519
Norway,20-24,Males,2003,139482
Norway,20-24,Males,2004,139227
Norway,20-24,Males,2005,139055
Norway,20-24,Males,2006,139588
Norway,20-24,Males,2007,142064
Norway,20-24,Males,2008,145319
Norway,20-24,Males,2009,150394
Norway,20-24,Males,2010,155602
Norway,20-24,Males,2011,162253
Norway,20-24,Males,2012,168352
Norway,20-24,Females,2002,134484
Norway,20-24,Females,2003,135431
Norway,20-24,Females,2004,134971
Norway,20-24,Females,2005,134851
Norway,20-24,Females,2006,135420
Norway,20-24,Females,2007,136433
Norway,20-24,Females,2008,139256
Norway,20-24,Females,2009,144342
Norway,20-24,Females,2010,149912
Norway,20-24,Females,2011,156763
Norway,20-24,Females,2012,162243
Norway,25-29,Males,2002,159697
Norway,25-29,Males,2003,153849
Norway,25-29,Males,2004,149392
Norway,25-29,Males,2005,146005
Norway,25-29,Males,2006,144790
Norway,25-29,Males,2007,145390
Norway,25-29,Males,2008,149913
Norway,25-29,Males,2009,153607
Norway,25-29,Males,2010,155740
Norway,25-29,Males,2011,158849
Norway,25-29,Males,2012,164358
Norway,25-29,Females,2002,155761
Norway,25-29,Females,2003,150917
Norway,25-29,Females,2004,147299
Norway,25-29,Females,2005,144248
Norway,25-29,Females,2006,143021
Norway,25-29,Females,2007,143448
Norway,25-29,Females,2008,146444
Norway,25-29,Females,2009,148977
Norway,25-29,Females,2010,151363
Norway,25-29,Females,2011,154261
Norway,25-29,Females,2012,157834
Norway,40+,Males,2002,987950
Norway,40+,Males,2003,1000696
Norway,40+,Males,2004,1014299
Norway,40+,Males,2005,1030611
Norway,40+,Males,2006,1048138
Norway,40+,Males,2007,1067984
Norway,40+,Males,2008,1089427
Norway,40+,Males,2009,1111841
Norway,40+,Males,2010,1133572
Norway,40+,Males,2011,1154737
Norway,40+,Males,2012,1177908
Norway,40+,Females,2002,1082131
Norway,40+,Females,2003,1092114
Norway,40+,Females,2004,1103500
Norway,40+,Females,2005,1116708
Norway,40+,Females,2006,1130742
Norway,40+,Females,2007,1144802
Norway,40+,Females,2008,1159930
Norway,40+,Females,2009,1176977
Norway,40+,Females,2010,1194792
Norway,40+,Females,2011,1211595
Norway,40+,Females,2012,1229436
Poland,15-19,Males,2002,1693547
Poland,15-19,Males,2003,1650683
Poland,15-19,Males,2004,1587286
Poland,15-19,Males,2005,1523950
Poland,15-19,Males,2006,1467263
Poland,15-19,Males,2007,1426063
Poland,15-19,Males,2008,1384048
Poland,15-19,Males,2009,1339448
Poland,15-19,Males,2010,1292121
Poland,15-19,Males,2011,1235082
Poland,15-19,Males,2012,1182763
Poland,15-19,Females,2002,1628835
Poland,15-19,Females,2003,1580493
Poland,15-19,Females,2004,1518380
Poland,15-19,Females,2005,1456524
Poland,15-19,Females,2006,1402020
Poland,15-19,Females,2007,1362057
Poland,15-19,Females,2008,1324231
Poland,15-19,Females,2009,1280845
Poland,15-19,Females,2010,1236942
Poland,15-19,Females,2011,1182984
Poland,15-19,Females,2012,1131961
Poland,20-24,Males,2002,1636340
Poland,20-24,Males,2003,1625075
Poland,20-24,Males,2004,1660728
Poland,20-24,Males,2005,1681114
Poland,20-24,Males,2006,1686937
Poland,20-24,Males,2007,1671365
Poland,20-24,Males,2008,1626334
Poland,20-24,Males,2009,1564661
Poland,20-24,Males,2010,1505995
Poland,20-24,Males,2011,1452733
Poland,20-24,Males,2012,1414504
Poland,20-24,Females,2002,1581421
Poland,20-24,Females,2003,1571971
Poland,20-24,Females,2004,1606472
Poland,20-24,Females,2005,1625645
Poland,20-24,Females,2006,1629090
Poland,20-24,Females,2007,1614680
Poland,20-24,Females,2008,1573121
Poland,20-24,Females,2009,1512076
Poland,20-24,Females,2010,1451230
Poland,20-24,Females,2011,1397543
Poland,20-24,Females,2012,1360639
Poland,25-29,Males,2002,1501551
Poland,25-29,Males,2003,1491823
Poland,25-29,Males,2004,1524044
Poland,25-29,Males,2005,1553035
Poland,25-29,Males,2006,1576368
Poland,25-29,Males,2007,1580804
Poland,25-29,Males,2008,1606025
Poland,25-29,Males,2009,1640115
Poland,25-29,Males,2010,1662169
Poland,25-29,Males,2011,1670113
Poland,25-29,Males,2012,1643693
Poland,25-29,Females,2002,1452855
Poland,25-29,Females,2003,1449007
Poland,25-29,Females,2004,1480415
Poland,25-29,Females,2005,1509018
Poland,25-29,Females,2006,1531961
Poland,25-29,Females,2007,1537546
Poland,25-29,Females,2008,1561734
Poland,25-29,Females,2009,1595878
Poland,25-29,Females,2010,1615482
Poland,25-29,Females,2011,1620120
Poland,25-29,Females,2012,1596139
Poland,40+,Males,2002,7793092
Poland,40+,Males,2003,7764559
Poland,40+,Males,2004,7834269
Poland,40+,Males,2005,7897837
Poland,40+,Males,2006,7952416
Poland,40+,Males,2007,7998547
Poland,40+,Males,2008,8039839
Poland,40+,Males,2009,8084298
Poland,40+,Males,2010,8130161
Poland,40+,Males,2011,8189642
Poland,40+,Males,2012,8385083
Poland,40+,Females,2002,9331724
Poland,40+,Females,2003,9360264
Poland,40+,Females,2004,9441063
Poland,40+,Females,2005,9518176
Poland,40+,Females,2006,9585708
Poland,40+,Females,2007,9647318
Poland,40+,Females,2008,9703963
Poland,40+,Females,2009,9760544
Poland,40+,Females,2010,9816863
Poland,40+,Females,2011,9884533
Poland,40+,Females,2012,9999098
Portugal,15-19,Males,2002,337679
Portugal,15-19,Males,2003,324692
Portugal,15-19,Males,2004,314687
Portugal,15-19,Males,2005,305808
Portugal,15-19,Males,2006,301306
Portugal,15-19,Males,2007,299484
Portugal,15-19,Males,2008,297177
Portugal,15-19,Males,2009,293245
Portugal,15-19,Males,2010,289113
Portugal,15-19,Males,2011,284866
Portugal,15-19,Males,2012,285437
Portugal,15-19,Females,2002,323224
Portugal,15-19,Females,2003,310360
Portugal,15-19,Females,2004,301140
Portugal,15-19,Females,2005,292928
Portugal,15-19,Females,2006,288899
Portugal,15-19,Females,2007,286807
Portugal,15-19,Females,2008,285465
Portugal,15-19,Females,2009,282108
Portugal,15-19,Females,2010,277589
Portugal,15-19,Females,2011,273151
Portugal,15-19,Females,2012,273453
Portugal,20-24,Males,2002,394580
Portugal,20-24,Males,2003,382706
Portugal,20-24,Males,2004,377830
Portugal,20-24,Males,2005,370080
Portugal,20-24,Males,2006,357547
Portugal,20-24,Males,2007,346022
Portugal,20-24,Males,2008,333546
Portugal,20-24,Males,2009,322287
Portugal,20-24,Males,2010,313708
Portugal,20-24,Males,2011,308571
Portugal,20-24,Males,2012,292447
Portugal,20-24,Females,2002,385933
Portugal,20-24,Females,2003,373241
Portugal,20-24,Females,2004,366949
Portugal,20-24,Females,2005,358770
Portugal,20-24,Females,2006,345279
Portugal,20-24,Females,2007,333218
Portugal,20-24,Females,2008,319816
Portugal,20-24,Females,2009,309420
Portugal,20-24,Females,2010,301025
Portugal,20-24,Females,2011,296267
Portugal,20-24,Females,2012,288074
Portugal,25-29,Males,2002,418708
Portugal,25-29,Males,2003,419738
Portugal,25-29,Males,2004,421097
Portugal,25-29,Males,2005,416914
Portugal,25-29,Males,2006,409425
Portugal,25-29,Males,2007,400516
Portugal,25-29,Males,2008,392456
Portugal,25-29,Males,2009,384980
Portugal,25-29,Males,2010,376449
Portugal,25-29,Males,2011,362781
Portugal,25-29,Males,2012,316114
Portugal,25-29,Females,2002,415216
Portugal,25-29,Females,2003,413251
Portugal,25-29,Females,2004,413409
Portugal,25-29,Females,2005,408296
Portugal,25-29,Females,2006,401451
Portugal,25-29,Females,2007,392180
Portugal,25-29,Females,2008,383981
Portugal,25-29,Females,2009,375554
Portugal,25-29,Females,2010,366312
Portugal,25-29,Females,2011,351797
Portugal,25-29,Females,2012,321381
Portugal,40+,Males,2002,2257126
Portugal,40+,Males,2003,2286429
Portugal,40+,Males,2004,2322905
Portugal,40+,Males,2005,2361482
Portugal,40+,Males,2006,2395514
Portugal,40+,Males,2007,2423924
Portugal,40+,Males,2008,2450912
Portugal,40+,Males,2009,2477135
Portugal,40+,Males,2010,2505168
Portugal,40+,Males,2011,2533369
Portugal,40+,Males,2012,2561243
Portugal,40+,Females,2002,2659936
Portugal,40+,Females,2003,2693516
Portugal,40+,Females,2004,2731175
Portugal,40+,Females,2005,2772823
Portugal,40+,Females,2006,2808737
Portugal,40+,Females,2007,2842098
Portugal,40+,Females,2008,2872497
Portugal,40+,Females,2009,2901034
Portugal,40+,Females,2010,2929878
Portugal,40+,Females,2011,2959502
Portugal,40+,Females,2012,3050899
Slovak Republic,15-19,Males,2002,224795
Slovak Republic,15-19,Males,2003,221761
Slovak Republic,15-19,Males,2004,217967
Slovak Republic,15-19,Males,2005,213148
Slovak Republic,15-19,Males,2006,208399
Slovak Republic,15-19,Males,2007,203912
Slovak Republic,15-19,Males,2008,199830
Slovak Republic,15-19,Males,2009,195209
Slovak Republic,15-19,Males,2010,188232
Slovak Republic,15-19,Males,2011,178891
Slovak Republic,15-19,Males,2012,169923
Slovak Republic,15-19,Females,2002,214949
Slovak Republic,15-19,Females,2003,213182
Slovak Republic,15-19,Females,2004,209636
Slovak Republic,15-19,Females,2005,204741
Slovak Republic,15-19,Females,2006,199707
Slovak Republic,15-19,Females,2007,195561
Slovak Republic,15-19,Females,2008,191296
Slovak Republic,15-19,Females,2009,186303
Slovak Republic,15-19,Females,2010,179954
Slovak Republic,15-19,Females,2011,171489
Slovak Republic,15-19,Females,2012,161972
Slovak Republic,20-24,Males,2002,237802
Slovak Republic,20-24,Males,2003,236740
Slovak Republic,20-24,Males,2004,233865
Slovak Republic,20-24,Males,2005,230298
Slovak Republic,20-24,Males,2006,228466
Slovak Republic,20-24,Males,2007,226153
Slovak Republic,20-24,Males,2008,222019
Slovak Republic,20-24,Males,2009,218819
Slovak Republic,20-24,Males,2010,214113
Slovak Republic,20-24,Males,2011,209280
Slovak Republic,20-24,Males,2012,201764
Slovak Republic,20-24,Females,2002,228905
Slovak Republic,20-24,Females,2003,227674
Slovak Republic,20-24,Females,2004,224432
Slovak Republic,20-24,Females,2005,220639
Slovak Republic,20-24,Females,2006,219063
Slovak Republic,20-24,Females,2007,216879
Slovak Republic,20-24,Females,2008,213655
Slovak Republic,20-24,Females,2009,210429
Slovak Republic,20-24,Females,2010,205746
Slovak Republic,20-24,Females,2011,200647
Slovak Republic,20-24,Females,2012,194440
Slovak Republic,25-29,Males,2002,227127
Slovak Republic,25-29,Males,2003,233957
Slovak Republic,25-29,Males,2004,238091
Slovak Republic,25-29,Males,2005,240015
Slovak Republic,25-29,Males,2006,240489
Slovak Republic,25-29,Males,2007,238531
Slovak Republic,25-29,Males,2008,237202
Slovak Republic,25-29,Males,2009,235047
Slovak Republic,25-29,Males,2010,231702
Slovak Republic,25-29,Males,2011,229886
Slovak Republic,25-29,Males,2012,222714
Slovak Republic,25-29,Females,2002,219872
Slovak Republic,25-29,Females,2003,225487
Slovak Republic,25-29,Females,2004,229223
Slovak Republic,25-29,Females,2005,231563
Slovak Republic,25-29,Females,2006,231151
Slovak Republic,25-29,Females,2007,229470
Slovak Republic,25-29,Females,2008,227637
Slovak Republic,25-29,Females,2009,224778
Slovak Republic,25-29,Females,2010,221265
Slovak Republic,25-29,Females,2011,219966
Slovak Republic,25-29,Females,2012,212350
Slovak Republic,40+,Males,2002,1034064
Slovak Republic,40+,Males,2003,1039637
Slovak Republic,40+,Males,2004,1052996
Slovak Republic,40+,Males,2005,1067668
Slovak Republic,40+,Males,2006,1080364
Slovak Republic,40+,Males,2007,1091946
Slovak Republic,40+,Males,2008,1102469
Slovak Republic,40+,Males,2009,1113222
Slovak Republic,40+,Males,2010,1125472
Slovak Republic,40+,Males,2011,1138089
Slovak Republic,40+,Males,2012,1151304
Slovak Republic,40+,Females,2002,1244609
Slovak Republic,40+,Females,2003,1251933
Slovak Republic,40+,Females,2004,1266986
Slovak Republic,40+,Females,2005,1282518
Slovak Republic,40+,Females,2006,1296159
Slovak Republic,40+,Females,2007,1308846
Slovak Republic,40+,Females,2008,1319348
Slovak Republic,40+,Females,2009,1329857
Slovak Republic,40+,Females,2010,1341549
Slovak Republic,40+,Females,2011,1353309
Slovak Republic,40+,Females,2012,1361547
Spain,15-19,Males,2002,1232565
Spain,15-19,Males,2003,1233505
Spain,15-19,Males,2004,1211884
Spain,15-19,Males,2005,1192629
Spain,15-19,Males,2006,1180796
Spain,15-19,Males,2007,1175080
Spain,15-19,Males,2008,1174704
Spain,15-19,Males,2009,1167691
Spain,15-19,Males,2010,1150919
Spain,15-19,Males,2011,1133739
Spain,15-19,Males,2012,1132171
Spain,15-19,Females,2002,1171138
Spain,15-19,Females,2003,1171772
Spain,15-19,Females,2004,1150895
Spain,15-19,Females,2005,1130464
Spain,15-19,Females,2006,1117739
Spain,15-19,Females,2007,1111203
Spain,15-19,Females,2008,1110574
Spain,15-19,Females,2009,1103130
Spain,15-19,Females,2010,1089310
Spain,15-19,Females,2011,1074741
Spain,15-19,Females,2012,1067239
Spain,20-24,Males,2002,1560818
Spain,20-24,Males,2003,1587167
Spain,20-24,Males,2004,1551257
Spain,20-24,Males,2005,1514595
Spain,20-24,Males,2006,1479909
Spain,20-24,Males,2007,1446799
Spain,20-24,Males,2008,1423862
Spain,20-24,Males,2009,1390310
Spain,20-24,Males,2010,1335156
Spain,20-24,Males,2011,1291673
Spain,20-24,Males,2012,1272417
Spain,20-24,Females,2002,1494729
Spain,20-24,Females,2003,1514726
Spain,20-24,Females,2004,1483445
Spain,20-24,Females,2005,1447219
Spain,20-24,Females,2006,1411118
Spain,20-24,Females,2007,1378678
Spain,20-24,Females,2008,1361384
Spain,20-24,Females,2009,1330691
Spain,20-24,Females,2010,1284748
Spain,20-24,Females,2011,1247174
Spain,20-24,Females,2012,1231396
Spain,25-29,Males,2002,1765979
Spain,25-29,Males,2003,1834949
Spain,25-29,Males,2004,1870553
Spain,25-29,Males,2005,1896428
Spain,25-29,Males,2006,1909481
Spain,25-29,Males,2007,1899631
Spain,25-29,Males,2008,1881578
Spain,25-29,Males,2009,1826684
Spain,25-29,Males,2010,1726663
Spain,25-29,Males,2011,1631290
Spain,25-29,Males,2012,1547933
Spain,25-29,Females,2002,1697361
Spain,25-29,Females,2003,1745819
Spain,25-29,Females,2004,1774074
Spain,25-29,Females,2005,1788822
Spain,25-29,Females,2006,1792461
Spain,25-29,Females,2007,1779986
Spain,25-29,Females,2008,1767976
Spain,25-29,Females,2009,1725831
Spain,25-29,Females,2010,1653322
Spain,25-29,Females,2011,1580025
Spain,25-29,Females,2012,1517982
Spain,40+,Males,2002,8812004
Spain,40+,Males,2003,9152514
Spain,40+,Males,2004,9386836
Spain,40+,Males,2005,9648201
Spain,40+,Males,2006,9897933
Spain,40+,Males,2007,10152085
Spain,40+,Males,2008,10408458
Spain,40+,Males,2009,10637269
Spain,40+,Males,2010,10811947
Spain,40+,Males,2011,11001156
Spain,40+,Males,2012,11412440
Spain,40+,Females,2002,10127941
Spain,40+,Females,2003,10419418
Spain,40+,Females,2004,10658046
Spain,40+,Females,2005,10917672
Spain,40+,Females,2006,11165097
Spain,40+,Females,2007,11415057
Spain,40+,Females,2008,11669942
Spain,40+,Females,2009,11898498
Spain,40+,Females,2010,12088753
Spain,40+,Females,2011,12288117
Spain,40+,Females,2012,12599027
Sweden,15-19,Males,2002,267153
Sweden,15-19,Males,2003,273486
Sweden,15-19,Males,2004,284417
Sweden,15-19,Males,2005,295205
Sweden,15-19,Males,2006,307083
Sweden,15-19,Males,2007,318177
Sweden,15-19,Males,2008,327748
Sweden,15-19,Males,2009,329731
Sweden,15-19,Males,2010,328011
Sweden,15-19,Males,2011,318174
Sweden,15-19,Males,2012,304768
Sweden,15-19,Females,2002,251908
Sweden,15-19,Females,2003,258740
Sweden,15-19,Females,2004,268883
Sweden,15-19,Females,2005,279492
Sweden,15-19,Females,2006,291297
Sweden,15-19,Females,2007,301545
Sweden,15-19,Females,2008,309280
Sweden,15-19,Females,2009,311677
Sweden,15-19,Females,2010,310522
Sweden,15-19,Females,2011,300431
Sweden,15-19,Females,2012,287608
Sweden,20-24,Males,2002,262376
Sweden,20-24,Males,2003,263207
Sweden,20-24,Males,2004,265094
Sweden,20-24,Males,2005,266583
Sweden,20-24,Males,2006,269488
Sweden,20-24,Males,2007,277497
Sweden,20-24,Males,2008,285371
Sweden,20-24,Males,2009,296806
Sweden,20-24,Males,2010,309505
Sweden,20-24,Males,2011,323001
Sweden,20-24,Males,2012,332889
Sweden,20-24,Females,2002,253257
Sweden,20-24,Females,2003,253797
Sweden,20-24,Females,2004,254923
Sweden,20-24,Females,2005,255729
Sweden,20-24,Females,2006,257780
Sweden,20-24,Females,2007,264080
Sweden,20-24,Females,2008,272155
Sweden,20-24,Females,2009,283529
Sweden,20-24,Females,2010,295948
Sweden,20-24,Females,2011,309015
Sweden,20-24,Females,2012,317973
Sweden,25-29,Males,2002,295514
Sweden,25-29,Males,2003,289490
Sweden,25-29,Males,2004,282961
Sweden,25-29,Males,2005,277673
Sweden,25-29,Males,2006,277042
Sweden,25-29,Males,2007,279309
Sweden,25-29,Males,2008,283544
Sweden,25-29,Males,2009,288322
Sweden,25-29,Males,2010,293280
Sweden,25-29,Males,2011,299224
Sweden,25-29,Males,2012,305922
Sweden,25-29,Females,2002,285406
Sweden,25-29,Females,2003,279258
Sweden,25-29,Females,2004,272990
Sweden,25-29,Females,2005,268046
Sweden,25-29,Females,2006,267019
Sweden,25-29,Females,2007,268425
Sweden,25-29,Females,2008,270908
Sweden,25-29,Females,2009,274567
Sweden,25-29,Females,2010,278479
Sweden,25-29,Females,2011,282699
Sweden,25-29,Females,2012,289214
Sweden,40+,Males,2002,2102723
Sweden,40+,Males,2003,2121528
Sweden,40+,Males,2004,2143487
Sweden,40+,Males,2005,2170496
Sweden,40+,Males,2006,2197026
Sweden,40+,Males,2007,2226089
Sweden,40+,Males,2008,2255590
Sweden,40+,Males,2009,2280169
Sweden,40+,Males,2010,2304196
Sweden,40+,Males,2011,2326757
Sweden,40+,Males,2012,2352324
Sweden,40+,Females,2002,2300316
Sweden,40+,Females,2003,2312828
Sweden,40+,Females,2004,2328926
Sweden,40+,Females,2005,2350798
Sweden,40+,Females,2006,2371950
Sweden,40+,Females,2007,2395056
Sweden,40+,Females,2008,2416905
Sweden,40+,Females,2009,2437196
Sweden,40+,Females,2010,2456732
Sweden,40+,Females,2011,2475559
Sweden,40+,Females,2012,2496828
Switzerland,15-19,Males,2002,216370
Switzerland,15-19,Males,2003,215698
Switzerland,15-19,Males,2004,219413
Switzerland,15-19,Males,2005,221958
Switzerland,15-19,Males,2006,225914
Switzerland,15-19,Males,2007,229462
Switzerland,15-19,Males,2008,233305
Switzerland,15-19,Males,2009,233931
Switzerland,15-19,Males,2010,233589
Switzerland,15-19,Males,2011,231379
Switzerland,15-19,Males,2012,229475
Switzerland,15-19,Females,2002,204923
Switzerland,15-19,Females,2003,205269
Switzerland,15-19,Females,2004,208818
Switzerland,15-19,Females,2005,211681
Switzerland,15-19,Females,2006,214901
Switzerland,15-19,Females,2007,217707
Switzerland,15-19,Females,2008,221315
Switzerland,15-19,Females,2009,221702
Switzerland,15-19,Females,2010,221315
Switzerland,15-19,Females,2011,220240
Switzerland,15-19,Females,2012,218419
Switzerland,20-24,Males,2002,213774
Switzerland,20-24,Males,2003,217057
Switzerland,20-24,Males,2004,219350
Switzerland,20-24,Males,2005,222260
Switzerland,20-24,Males,2006,223428
Switzerland,20-24,Males,2007,224898
Switzerland,20-24,Males,2008,228312
Switzerland,20-24,Males,2009,234972
Switzerland,20-24,Males,2010,237898
Switzerland,20-24,Males,2011,246153
Switzerland,20-24,Males,2012,249670
Switzerland,20-24,Females,2002,209740
Switzerland,20-24,Females,2003,214912
Switzerland,20-24,Females,2004,217247
Switzerland,20-24,Females,2005,219091
Switzerland,20-24,Females,2006,219480
Switzerland,20-24,Females,2007,220798
Switzerland,20-24,Females,2008,223437
Switzerland,20-24,Females,2009,229187
Switzerland,20-24,Females,2010,232973
Switzerland,20-24,Females,2011,238828
Switzerland,20-24,Females,2012,241932
Switzerland,25-29,Males,2002,229052
Switzerland,25-29,Males,2003,231177
Switzerland,25-29,Males,2004,230132
Switzerland,25-29,Males,2005,230047
Switzerland,25-29,Males,2006,232007
Switzerland,25-29,Males,2007,234544
Switzerland,25-29,Males,2008,241401
Switzerland,25-29,Males,2009,248945
Switzerland,25-29,Males,2010,254043
Switzerland,25-29,Males,2011,263516
Switzerland,25-29,Males,2012,266662
Switzerland,25-29,Females,2002,234517
Switzerland,25-29,Females,2003,233672
Switzerland,25-29,Females,2004,233161
Switzerland,25-29,Females,2005,233580
Switzerland,25-29,Females,2006,235416
Switzerland,25-29,Females,2007,237226
Switzerland,25-29,Females,2008,242758
Switzerland,25-29,Females,2009,248941
Switzerland,25-29,Females,2010,253136
Switzerland,25-29,Females,2011,257836
Switzerland,25-29,Females,2012,261142
Switzerland,40+,Males,2002,1655467
Switzerland,40+,Males,2003,1689084
Switzerland,40+,Males,2004,1723722
Switzerland,40+,Males,2005,1760933
Switzerland,40+,Males,2006,1796052
Switzerland,40+,Males,2007,1831610
Switzerland,40+,Males,2008,1869805
Switzerland,40+,Males,2009,1911950
Switzerland,40+,Males,2010,1948624
Switzerland,40+,Males,2011,1976348
Switzerland,40+,Males,2012,2009920
Switzerland,40+,Females,2002,1861916
Switzerland,40+,Females,2003,1895225
Switzerland,40+,Females,2004,1926038
Switzerland,40+,Females,2005,1959165
Switzerland,40+,Females,2006,1991032
Switzerland,40+,Females,2007,2023485
Switzerland,40+,Females,2008,2056833
Switzerland,40+,Females,2009,2093433
Switzerland,40+,Females,2010,2126881
Switzerland,40+,Females,2011,2151291
Switzerland,40+,Females,2012,2182085
Turkey,15-19,Males,2003,3278857
Turkey,15-19,Males,2004,3228000
Turkey,15-19,Males,2005,3205000
Turkey,15-19,Males,2006,3207540
Turkey,15-19,Males,2007,3207540
Turkey,15-19,Males,2008,3159723
Turkey,15-19,Males,2009,3171917
Turkey,15-19,Males,2010,3197293
Turkey,15-19,Males,2011,3219221
Turkey,15-19,Males,2012,3240196
Turkey,15-19,Females,2003,3127868
Turkey,15-19,Females,2004,3080000
Turkey,15-19,Females,2005,3061000
Turkey,15-19,Females,2006,3068060
Turkey,15-19,Females,2007,3068060
Turkey,15-19,Females,2008,2997310
Turkey,15-19,Females,2009,3013187
Turkey,15-19,Females,2010,3037327
Turkey,15-19,Females,2011,3058086
Turkey,15-19,Females,2012,3077387
Turkey,20-24,Males,2003,3474939
Turkey,20-24,Males,2004,3440000
Turkey,20-24,Males,2005,3402500
Turkey,20-24,Males,2006,3358874
Turkey,20-24,Males,2007,3358874
Turkey,20-24,Males,2008,3181804
Turkey,20-24,Males,2009,3187625
Turkey,20-24,Males,2010,3204748
Turkey,20-24,Males,2011,3200959
Turkey,20-24,Males,2012,3173618
Turkey,20-24,Females,2003,3320447
Turkey,20-24,Females,2004,3284500
Turkey,20-24,Females,2005,3249500
Turkey,20-24,Females,2006,3209383
Turkey,20-24,Females,2007,3209383
Turkey,20-24,Females,2008,3058769
Turkey,20-24,Females,2009,3068933
Turkey,20-24,Females,2010,3075369
Turkey,20-24,Females,2011,3066828
Turkey,20-24,Females,2012,3050973
Turkey,25-29,Males,2003,3380650
Turkey,25-29,Males,2004,3417000
Turkey,25-29,Males,2005,3447000
Turkey,25-29,Males,2006,3461015
Turkey,25-29,Males,2007,3461015
Turkey,25-29,Males,2008,3295102
Turkey,25-29,Males,2009,3300291
Turkey,25-29,Males,2010,3306767
Turkey,25-29,Males,2011,3275153
Turkey,25-29,Males,2012,3210343
Turkey,25-29,Females,2003,3244639
Turkey,25-29,Females,2004,3276500
Turkey,25-29,Females,2005,3304000
Turkey,25-29,Females,2006,3317519
Turkey,25-29,Females,2007,3317519
Turkey,25-29,Females,2008,3217736
Turkey,25-29,Females,2009,3218546
Turkey,25-29,Females,2010,3202093
Turkey,25-29,Females,2011,3162769
Turkey,25-29,Females,2012,3095890
Turkey,40+,Males,2003,9365258
Turkey,40+,Males,2004,9611500
Turkey,40+,Males,2005,9920000
Turkey,40+,Males,2006,10225807
Turkey,40+,Males,2007,10225807
Turkey,40+,Males,2008,10718868
Turkey,40+,Males,2009,10973902
Turkey,40+,Males,2010,11308430
Turkey,40+,Males,2011,11711468
Turkey,40+,Males,2012,12091489
Turkey,40+,Females,2003,9643794
Turkey,40+,Females,2004,9923000
Turkey,40+,Females,2005,10244500
Turkey,40+,Females,2006,10569381
Turkey,40+,Females,2007,10569381
Turkey,40+,Females,2008,11514413
Turkey,40+,Females,2009,11653521
Turkey,40+,Females,2010,11953606
Turkey,40+,Females,2011,12373838
Turkey,40+,Females,2012,12769422
United Kingdom,15-19,Males,2002,1923400.249
United Kingdom,15-19,Males,2003,1936897
United Kingdom,15-19,Males,2004,2009241
United Kingdom,15-19,Males,2005,2038078
United Kingdom,15-19,Males,2006,2044956
United Kingdom,15-19,Males,2007,2064406
United Kingdom,15-19,Males,2008,2058635
United Kingdom,15-19,Males,2009,2042124
United Kingdom,15-19,Males,2010,2024124
United Kingdom,15-19,Males,2011,1991947
United Kingdom,15-19,Males,2012,1996315
United Kingdom,15-19,Females,2002,1819764.78
United Kingdom,15-19,Females,2003,1838183
United Kingdom,15-19,Females,2004,1894753
United Kingdom,15-19,Females,2005,1920253
United Kingdom,15-19,Females,2006,1931406
United Kingdom,15-19,Females,2007,1941552
United Kingdom,15-19,Females,2008,1943224
United Kingdom,15-19,Females,2009,1933594
United Kingdom,15-19,Females,2010,1913953
United Kingdom,15-19,Females,2011,1882775
United Kingdom,15-19,Females,2012,1893805
United Kingdom,20-24,Males,2002,1878807.894
United Kingdom,20-24,Males,2003,1819228
United Kingdom,20-24,Males,2004,1904969
United Kingdom,20-24,Males,2005,1957853
United Kingdom,20-24,Males,2006,2023923
United Kingdom,20-24,Males,2007,2086274
United Kingdom,20-24,Males,2008,2145364
United Kingdom,20-24,Males,2009,2171520
United Kingdom,20-24,Males,2010,2194291
United Kingdom,20-24,Males,2011,2225705
United Kingdom,20-24,Males,2012,2239298
United Kingdom,20-24,Females,2002,1786492.11
United Kingdom,20-24,Females,2003,1831762
United Kingdom,20-24,Females,2004,1883382
United Kingdom,20-24,Females,2005,1916341
United Kingdom,20-24,Females,2006,1952604
United Kingdom,20-24,Females,2007,1995933
United Kingdom,20-24,Females,2008,2038700
United Kingdom,20-24,Females,2009,2073161
United Kingdom,20-24,Females,2010,2088714
United Kingdom,20-24,Females,2011,2107054
United Kingdom,20-24,Females,2012,2138979
United Kingdom,25-29,Males,2002,2034500.517
United Kingdom,25-29,Males,2003,1873555
United Kingdom,25-29,Males,2004,1841404
United Kingdom,25-29,Males,2005,1860106
United Kingdom,25-29,Males,2006,1904315
United Kingdom,25-29,Males,2007,1961171
United Kingdom,25-29,Males,2008,2030227
United Kingdom,25-29,Males,2009,2092161
United Kingdom,25-29,Males,2010,2142063
United Kingdom,25-29,Males,2011,2195946
United Kingdom,25-29,Males,2012,2216544
United Kingdom,25-29,Females,2002,1923540.775
United Kingdom,25-29,Females,2003,1879849
United Kingdom,25-29,Females,2004,1834800
United Kingdom,25-29,Females,2005,1849709
United Kingdom,25-29,Females,2006,1904586
United Kingdom,25-29,Females,2007,1950025
United Kingdom,25-29,Females,2008,1990058
United Kingdom,25-29,Females,2009,2026269
United Kingdom,25-29,Females,2010,2061569
United Kingdom,25-29,Females,2011,2100063
United Kingdom,25-29,Females,2012,2150971
United Kingdom,40+,Males,2002,13141347.5
United Kingdom,40+,Males,2003,13142630
United Kingdom,40+,Males,2004,13371784
United Kingdom,40+,Males,2005,13571457
United Kingdom,40+,Males,2006,13768377
United Kingdom,40+,Males,2007,13958155
United Kingdom,40+,Males,2008,14150576
United Kingdom,40+,Males,2009,14351724
United Kingdom,40+,Males,2010,14546700
United Kingdom,40+,Males,2011,14732246
United Kingdom,40+,Males,2012,14932518
United Kingdom,40+,Females,2002,14722492.33
United Kingdom,40+,Females,2003,14817970
United Kingdom,40+,Females,2004,15025672
United Kingdom,40+,Females,2005,15215449
United Kingdom,40+,Females,2006,15385410
United Kingdom,40+,Females,2007,15561487
United Kingdom,40+,Females,2008,15739253
United Kingdom,40+,Females,2009,15920304
United Kingdom,40+,Females,2010,16098441
United Kingdom,40+,Females,2011,16273967
United Kingdom,40+,Females,2012,16443915
United States,15-19,Males,2002,10323042
United States,15-19,Males,2003,10471798
United States,15-19,Males,2004,10518659
United States,15-19,Males,2005,10667116
United States,15-19,Males,2006,10840931
United States,15-19,Males,2007,10958686
United States,15-19,Males,2008,11029619
United States,15-19,Males,2009,11101092
United States,15-19,Males,2010,11023112
United States,15-19,Males,2011,11230969
United States,15-19,Males,2012,11067371
United States,15-19,Females,2002,9940146
United States,15-19,Females,2003,9892430
United States,15-19,Females,2004,9959759
United States,15-19,Females,2005,10126965
United States,15-19,Females,2006,10295584
United States,15-19,Females,2007,10416012
United States,15-19,Females,2008,10490025
United States,15-19,Females,2009,10531444
United States,15-19,Females,2010,10461420
United States,15-19,Females,2011,10647855
United States,15-19,Females,2012,10480232
United States,20-24 ,Males,2002,9381105
United States,20-24 ,Males,2003,10507286
United States,20-24 ,Males,2004,10663917
United States,20-24 ,Males,2005,10818406
United States,20-24 ,Males,2006,10858485
United States,20-24 ,Males,2007,10906338
United States,20-24 ,Males,2008,10858613
United States,20-24 ,Males,2009,11002382
United States,20-24 ,Males,2010,11125428
United States,20-24 ,Males,2011,11142186
United States,20-24 ,Males,2012,11367809
United States,20-24 ,Females,2002,9567611
United States,20-24 ,Females,2003,9953464
United States,20-24 ,Females,2004,10063769
United States,20-24 ,Females,2005,10174607
United States,20-24 ,Females,2006,10183744
United States,20-24 ,Females,2007,10192701
United States,20-24 ,Females,2008,10233077
United States,20-24 ,Females,2009,10349879
United States,20-24 ,Females,2010,10478470
United States,20-24 ,Females,2011,10680913
United States,20-24 ,Females,2012,10900133
United States,25-29,Males,2002,8557661
United States,25-29,Males,2003,9644042
United States,25-29,Males,2004,9772710
United States,25-29,Males,2005,10048707
United States,25-29,Males,2006,10333099
United States,25-29,Males,2007,10669994
United States,25-29,Males,2008,10983779
United States,25-29,Males,2009,11014874
United States,25-29,Males,2010,11141656
United States,25-29,Males,2011,10688093
United States,25-29,Males,2012,10778315
United States,25-29,Females,2002,8964683
United States,25-29,Females,2003,9305030
United States,25-29,Females,2004,9395244
United States,25-29,Females,2005,9610486
United States,25-29,Females,2006,9901069
United States,25-29,Females,2007,10200551
United States,25-29,Females,2008,10417986
United States,25-29,Females,2009,10503602
United States,25-29,Females,2010,10569948
United States,25-29,Females,2011,10485670
United States,25-29,Females,2012,10534510
United States,40+,Males,2002,55926127
United States,40+,Males,2003,58947635
United States,40+,Males,2004,59823574
United States,40+,Males,2005,61450069
United States,40+,Males,2006,62617006
United States,40+,Males,2007,63657287
United States,40+,Males,2008,65598351
United States,40+,Males,2009,65396892
United States,40+,Males,2010,66388608
United States,40+,Males,2011,68055314
United States,40+,Males,2012,69048064
United States,40+,Females,2002,62984478
United States,40+,Females,2003,66910385
United States,40+,Females,2004,67762522
United States,40+,Females,2005,69355968
United States,40+,Females,2006,70519574
United States,40+,Females,2007,71516161
United States,40+,Females,2008,73396595
United States,40+,Females,2009,73203145
United States,40+,Females,2010,74152366
United States,40+,Females,2011,75695524
United States,40+,Females,2012,76704157
